1515179467,1000.000000,-0.1172,-0.0007,-0.1137,-0.0003,4.7557,4.7568,-0.0018,-1.1005
1515179467,1000.000000,-0.1158,-0.0007,-0.1129,-0.0002,4.7549,4.7551,-0.0017,-1.1007
1515179467,1000.000000,-0.1170,-0.0006,-0.1138,-0.0002,4.7549,4.7563,-0.0017,-1.1007
1515179467,1000.000000,-0.1199,-0.0007,-0.1160,-0.0002,4.7546,4.7560,-0.0017,-1.1008
1515179467,1000.000000,-0.1176,-0.0006,-0.1143,-0.0002,4.7551,4.7555,-0.0016,-1.1008
1515179467,1000.000000,-0.1190,-0.0006,-0.1152,-0.0001,4.7549,4.7562,-0.0017,-1.1008
1515179467,1000.000000,-0.1158,-0.0006,-0.1131,-0.0002,4.7546,4.7548,-0.0016,-1.1010
1515179467,1000.000000,-0.1196,-0.0006,-0.1160,-0.0002,4.7493,4.7490,-0.0017,-1.1010
1515179467,1000.000000,-0.1216,-0.0006,-0.1172,-0.0003,4.7584,4.7589,-0.0017,-1.1013
1515179467,1000.000000,-0.1224,-0.0007,-0.1176,-0.0002,4.7581,4.7592,-0.0017,-1.1013
1515179467,1000.000000,-0.1216,-0.0006,-0.1170,-0.0003,4.7641,4.7652,-0.0017,-1.1010
1515179467,1000.000000,-0.1183,-0.0006,-0.1146,-0.0002,4.7623,4.7630,-0.0016,-1.1010
1515179467,1000.000000,-0.1180,-0.0007,-0.1143,-0.0002,4.7607,4.7617,-0.0018,-1.1008
1515179467,1000.000000,-0.1230,-0.0006,-0.1176,-0.0002,4.7583,4.7583,-0.0016,-1.1010
1515179467,1000.000000,-0.1205,-0.0006,-0.1161,-0.0002,4.7568,4.7569,-0.0017,-1.1010
1515179467,1000.000000,-0.1219,-0.0006,-0.1169,-0.0002,4.7549,4.7551,-0.0017,-1.1013
1515179467,1000.000000,-0.1183,-0.0005,-0.1146,-0.0002,4.7562,4.7571,-0.0016,-1.1010
1515179467,1000.000000,-0.1169,-0.0007,-0.1137,-0.0003,4.7543,4.7552,-0.0018,-1.1013
1515179467,1000.000000,-0.1158,-0.0006,-0.1131,-0.0003,4.7530,4.7539,-0.0017,-1.1013
1515179467,1000.000000,-0.1176,-0.0006,-0.1143,-0.0003,4.7542,4.7551,-0.0017,-1.1014
1515179467,1000.000000,-0.1201,-0.0006,-0.1160,-0.0002,4.7549,4.7555,-0.0017,-1.1014
1515179467,1000.000000,-0.1164,-0.0007,-0.1137,-0.0003,4.7530,4.7531,-0.0017,-1.1013
1515179467,1000.000000,-0.1161,-0.0006,-0.1135,-0.0002,4.7531,4.7542,-0.0016,-1.1014
1515179467,1000.000000,-0.1160,-0.0006,-0.1135,-0.0003,4.7554,4.7563,-0.0016,-1.1014
1515179467,1000.000000,-0.1230,-0.0006,-0.1181,-0.0003,4.7588,4.7609,-0.0017,-1.1016
1515179467,1000.000000,-0.1212,-0.0007,-0.1169,-0.0002,4.7591,4.7600,-0.0017,-1.1016
1515179467,1000.000000,-0.1221,-0.0006,-0.1175,-0.0002,4.7598,4.7606,-0.0016,-1.1016
1515179467,1000.000000,-0.1204,-0.0006,-0.1160,-0.0002,4.7615,4.7629,-0.0017,-1.1016
1515179467,1000.000000,-0.1190,-0.0006,-0.1149,-0.0002,4.7655,4.7664,-0.0016,-1.1014
1515179467,1000.000000,-0.1183,-0.0006,-0.1143,-0.0002,4.7638,4.7627,-0.0017,-1.1016
1515179467,1000.000000,-0.1195,-0.0006,-0.1151,-0.0002,4.7647,4.7658,-0.0017,-1.1014
1515179467,1000.000000,-0.1222,-0.0007,-0.1170,-0.0002,4.7615,4.7612,-0.0017,-1.1017
1515179467,1000.000000,-0.1184,-0.0007,-0.1146,-0.0003,4.7554,4.7557,-0.0017,-1.1016
1515179467,1000.000000,-0.1166,-0.0007,-0.1131,-0.0002,4.7607,4.7627,-0.0016,-1.1016
1515179467,1000.000000,-0.1163,-0.0007,-0.1129,-0.0002,4.7649,4.7656,-0.0017,-1.1016
1515179467,1000.000000,-0.1160,-0.0007,-0.1128,-0.0003,4.7658,4.7668,-0.0016,-1.1016
1515179467,1000.000000,-0.1183,-0.0006,-0.1146,-0.0003,4.7563,4.7580,-0.0016,-1.1017
1515179467,1000.000000,-0.1199,-0.0007,-0.1160,-0.0003,4.7539,4.7557,-0.0018,-1.1019
1515179467,1000.000000,-0.1143,-0.0007,-0.1120,-0.0003,4.7563,4.7566,-0.0017,-1.1019
1515179467,1000.000000,-0.1172,-0.0007,-0.1141,-0.0003,4.7520,4.7536,-0.0018,-1.1019
1515179467,1000.000000,-0.1158,-0.0006,-0.1131,-0.0002,4.7552,4.7563,-0.0016,-1.1017
1515179467,1000.000000,-0.1195,-0.0006,-0.1158,-0.0002,4.7481,4.7479,-0.0016,-1.1020
1515179467,1000.000000,-0.1204,-0.0006,-0.1166,-0.0002,4.7467,4.7478,-0.0017,-1.1020
1515179467,1000.000000,-0.1219,-0.0007,-0.1175,-0.0003,4.7551,4.7560,-0.0018,-1.1020
1515179467,1000.000000,-0.1205,-0.0007,-0.1163,-0.0003,4.7559,4.7563,-0.0017,-1.1020
1515179467,1000.000000,-0.1181,-0.0007,-0.1143,-0.0002,4.7549,4.7557,-0.0016,-1.1020
1515179467,1000.000000,-0.1213,-0.0007,-0.1166,-0.0002,4.7554,4.7562,-0.0017,-1.1019
1515179467,1000.000000,-0.1213,-0.0006,-0.1167,-0.0002,4.7560,4.7571,-0.0016,-1.1020
1515179467,1000.000000,-0.1212,-0.0006,-0.1166,-0.0002,4.7569,4.7581,-0.0016,-1.1023
1515179467,1000.000000,-0.1143,-0.0007,-0.1115,-0.0002,4.7552,4.7562,-0.0016,-1.1019
1515179467,1000.000000,-0.1170,-0.0006,-0.1137,-0.0002,4.7549,4.7563,-0.0016,-1.1020
1515179467,1000.000000,-0.1161,-0.0006,-0.1131,-0.0002,4.7542,4.7555,-0.0016,-1.1020
1515179467,1000.000000,-0.1170,-0.0006,-0.1138,-0.0003,4.7539,4.7546,-0.0016,-1.1023
1515179467,1000.000000,-0.1189,-0.0007,-0.1152,-0.0003,4.7540,4.7546,-0.0017,-1.1023
1515179467,1000.000000,-0.1181,-0.0006,-0.1147,-0.0002,4.7517,4.7537,-0.0016,-1.1025
1515179467,1000.000000,-0.1184,-0.0007,-0.1149,-0.0002,4.7566,4.7578,-0.0016,-1.1025
1515179467,1000.000000,-0.1154,-0.0006,-0.1129,-0.0002,4.7554,4.7562,-0.0017,-1.1023
1515179467,1000.000000,-0.1186,-0.0006,-0.1152,-0.0002,4.7559,4.7571,-0.0016,-1.1025
1515179467,1000.000000,-0.1213,-0.0007,-0.1167,-0.0002,4.7562,4.7571,-0.0017,-1.1026
1515179467,1000.000000,-0.1213,-0.0006,-0.1169,-0.0002,4.7569,4.7580,-0.0016,-1.1026
1515179467,1000.000000,-0.1201,-0.0007,-0.1161,-0.0002,4.7574,4.7581,-0.0016,-1.1025
1515179467,1000.000000,-0.1172,-0.0007,-0.1138,-0.0003,4.7578,4.7568,-0.0017,-1.1025
1515179467,1000.000000,-0.1173,-0.0006,-0.1138,-0.0002,4.7581,4.7586,-0.0016,-1.1025
1515179467,1000.000000,-0.1233,-0.0005,-0.1180,-0.0002,4.7562,4.7578,-0.0017,-1.1025
1515179467,1000.000000,-0.1207,-0.0007,-0.1161,-0.0002,4.7577,4.7586,-0.0017,-1.1026
1515179467,1000.000000,-0.1215,-0.0007,-0.1167,-0.0002,4.7571,4.7581,-0.0016,-1.1026
1515179467,1000.000000,-0.1189,-0.0007,-0.1147,-0.0002,4.7572,4.7586,-0.0017,-1.1025
1515179467,1000.000000,-0.1172,-0.0007,-0.1138,-0.0003,4.7568,4.7578,-0.0017,-1.1026
1515179467,1000.000000,-0.1161,-0.0006,-0.1131,-0.0002,4.7566,4.7578,-0.0016,-1.1026
1515179467,1000.000000,-0.1183,-0.0006,-0.1147,-0.0002,4.7554,4.7571,-0.0016,-1.1026
1515179467,1000.000000,-0.1204,-0.0006,-0.1161,-0.0002,4.7566,4.7575,-0.0017,-1.1028
1515179467,1000.000000,-0.1166,-0.0007,-0.1137,-0.0003,4.7557,4.7562,-0.0017,-1.1028
1515179467,1000.000000,-0.1163,-0.0006,-0.1137,-0.0002,4.7543,4.7548,-0.0016,-1.1028
1515179467,1000.000000,-0.1158,-0.0007,-0.1132,-0.0002,4.7557,4.7568,-0.0017,-1.1029
1515179467,1000.000000,-0.1230,-0.0006,-0.1181,-0.0002,4.7543,4.7562,-0.0016,-1.1031
1515179467,1000.000000,-0.1204,-0.0006,-0.1161,-0.0002,4.7562,4.7571,-0.0017,-1.1029
1515179467,1000.000000,-0.1224,-0.0007,-0.1176,-0.0004,4.7569,4.7577,-0.0018,-1.1031
1515179467,1000.000000,-0.1213,-0.0006,-0.1169,-0.0002,4.7566,4.7578,-0.0016,-1.1029
1515179467,1000.000000,-0.1180,-0.0006,-0.1143,-0.0002,4.7577,4.7592,-0.0016,-1.1028
1515179467,1000.000000,-0.1186,-0.0006,-0.1147,-0.0002,4.7577,4.7592,-0.0017,-1.1029
1515179467,1000.000000,-0.1181,-0.0006,-0.1141,-0.0002,4.7569,4.7577,-0.0016,-1.1029
1515179467,1000.000000,-0.1222,-0.0006,-0.1170,-0.0002,4.7572,4.7580,-0.0017,-1.1031
1515179467,1000.000000,-0.1186,-0.0007,-0.1147,-0.0002,4.7559,4.7571,-0.0017,-1.1029
1515179467,1000.000000,-0.1161,-0.0006,-0.1131,-0.0002,4.7549,4.7551,-0.0016,-1.1029
1515179467,1000.000000,-0.1155,-0.0006,-0.1128,-0.0002,4.7549,4.7552,-0.0016,-1.1031
1515179467,1000.000000,-0.1161,-0.0007,-0.1131,-0.0003,4.7549,4.7559,-0.0016,-1.1031
1515179467,1000.000000,-0.1192,-0.0007,-0.1155,-0.0003,4.7530,4.7543,-0.0017,-1.1034
1515179467,1000.000000,-0.1190,-0.0006,-0.1152,-0.0002,4.7560,4.7568,-0.0016,-1.1034
1515179467,1000.000000,-0.1140,-0.0006,-0.1119,-0.0003,4.7552,4.7563,-0.0016,-1.1031
1515179467,1000.000000,-0.1170,-0.0006,-0.1141,-0.0002,4.7548,4.7557,-0.0016,-1.1034
1515179467,1000.000000,-0.1158,-0.0006,-0.1132,-0.0002,4.7554,4.7560,-0.0017,-1.1034
1515179467,1000.000000,-0.1196,-0.0006,-0.1158,-0.0002,4.7554,4.7560,-0.0016,-1.1035
1515179467,1000.000000,-0.1210,-0.0006,-0.1169,-0.0002,4.7571,4.7580,-0.0016,-1.1034
1515179467,1000.000000,-0.1213,-0.0006,-0.1170,-0.0002,4.7584,4.7592,-0.0017,-1.1035
1515179467,1000.000000,-0.1190,-0.0006,-0.1151,-0.0002,4.7589,4.7597,-0.0016,-1.1034
1515179467,1000.000000,-0.1183,-0.0005,-0.1146,-0.0002,4.7571,4.7583,-0.0016,-1.1034
1515179467,1000.000000,-0.1212,-0.0007,-0.1166,-0.0002,4.7572,4.7580,-0.0017,-1.1035
1515179467,1000.000000,-0.1212,-0.0007,-0.1166,-0.0002,4.7572,4.7583,-0.0016,-1.1035
1515179467,1000.000000,-0.1216,-0.0007,-0.1169,-0.0003,4.7572,4.7583,-0.0017,-1.1035
1515179467,1000.000000,-0.1143,-0.0006,-0.1117,-0.0002,4.7569,4.7569,-0.0016,-1.1034
1515179467,1000.000000,-0.1172,-0.0006,-0.1140,-0.0003,4.7559,4.7571,-0.0017,-1.1034
1515179467,1000.000000,-0.1154,-0.0006,-0.1126,-0.0003,4.7566,4.7571,-0.0017,-1.1035
1515179467,1000.000000,-0.1170,-0.0006,-0.1138,-0.0002,4.7568,4.7583,-0.0016,-1.1035
1515179467,1000.000000,-0.1193,-0.0007,-0.1157,-0.0002,4.7557,4.7566,-0.0017,-1.1037
1515179467,1000.000000,-0.1196,-0.0006,-0.1160,-0.0002,4.7472,4.7481,-0.0017,-1.1039
1515179467,1000.000000,-0.1176,-0.0007,-0.1147,-0.0002,4.7482,4.7493,-0.0016,-1.1039
1515179467,1000.000000,-0.1160,-0.0005,-0.1135,-0.0002,4.7470,4.7487,-0.0016,-1.1039
1515179467,1000.000000,-0.1190,-0.0006,-0.1157,-0.0001,4.7467,4.7470,-0.0016,-1.1039
1515179467,1000.000000,-0.1219,-0.0007,-0.1175,-0.0003,4.7479,4.7488,-0.0018,-1.1040
1515179467,1000.000000,-0.1219,-0.0007,-0.1175,-0.0003,4.7479,4.7490,-0.0016,-1.1043
1515179467,1000.000000,-0.1219,-0.0005,-0.1175,-0.0002,4.7485,4.7499,-0.0017,-1.1043
1515179467,1000.000000,-0.1176,-0.0006,-0.1146,-0.0002,4.7473,4.7475,-0.0016,-1.1039
1515179467,1000.000000,-0.1175,-0.0007,-0.1141,-0.0002,4.7468,4.7479,-0.0017,-1.1040
1515179467,1000.000000,-0.1236,-0.0006,-0.1186,-0.0002,4.7478,4.7488,-0.0016,-1.1040
1515179467,1000.000000,-0.1207,-0.0006,-0.1163,-0.0002,4.7470,4.7482,-0.0016,-1.1040
1515179467,1000.000000,-0.1219,-0.0005,-0.1170,-0.0002,4.7473,4.7485,-0.0017,-1.1040
1515179467,1000.000000,-0.1183,-0.0007,-0.1146,-0.0002,4.7461,4.7465,-0.0017,-1.1040
1515179467,1000.000000,-0.1173,-0.0007,-0.1141,-0.0002,4.7468,4.7487,-0.0017,-1.1040
1515179467,1000.000000,-0.1158,-0.0006,-0.1131,-0.0003,4.7459,4.7472,-0.0017,-1.1043
1515179467,1000.000000,-0.1181,-0.0007,-0.1149,-0.0003,4.7462,4.7470,-0.0017,-1.1045
1515179467,1000.000000,-0.1196,-0.0007,-0.1160,-0.0003,4.7470,4.7481,-0.0017,-1.1045
1515179467,1000.000000,-0.1163,-0.0006,-0.1137,-0.0002,4.7482,4.7499,-0.0016,-1.1045
1515179467,1000.000000,-0.1169,-0.0007,-0.1138,-0.0002,4.7488,4.7496,-0.0016,-1.1045
1515179467,1000.000000,-0.1161,-0.0006,-0.1137,-0.0002,4.7487,4.7490,-0.0017,-1.1043
1515179467,1000.000000,-0.1234,-0.0007,-0.1187,-0.0002,4.7485,4.7491,-0.0016,-1.1046
1515179467,1000.000000,-0.1216,-0.0007,-0.1175,-0.0002,4.7478,4.7490,-0.0017,-1.1045
1515179467,1000.000000,-0.1227,-0.0006,-0.1181,-0.0003,4.7468,4.7475,-0.0016,-1.1045
1515179467,1000.000000,-0.1210,-0.0007,-0.1167,-0.0002,4.7501,4.7510,-0.0017,-1.1046
1515179467,1000.000000,-0.1186,-0.0006,-0.1151,-0.0002,4.7491,4.7499,-0.0016,-1.1046
1515179467,1000.000000,-0.1186,-0.0006,-0.1149,-0.0002,4.7491,4.7502,-0.0017,-1.1046
1515179467,1000.000000,-0.1190,-0.0007,-0.1151,-0.0003,4.7481,4.7487,-0.0016,-1.1046
1515179467,1000.000000,-0.1219,-0.0007,-0.1172,-0.0003,4.7479,4.7488,-0.0017,-1.1046
1515179467,1000.000000,-0.1190,-0.0007,-0.1151,-0.0002,4.7491,4.7507,-0.0017,-1.1046
1515179467,1000.000000,-0.1169,-0.0006,-0.1137,-0.0002,4.7473,4.7478,-0.0016,-1.1045
1515179467,1000.000000,-0.1164,-0.0007,-0.1135,-0.0003,4.7465,4.7476,-0.0016,-1.1046
1515179467,1000.000000,-0.1158,-0.0006,-0.1129,-0.0002,4.7467,4.7476,-0.0016,-1.1046
1515179467,1000.000000,-0.1205,-0.0007,-0.1167,-0.0003,4.7465,4.7482,-0.0019,-1.1049
1515179467,1000.000000,-0.1196,-0.0007,-0.1161,-0.0003,4.7462,4.7470,-0.0017,-1.1049
1515179467,1000.000000,-0.1143,-0.0007,-0.1125,-0.0003,4.7472,4.7476,-0.0017,-1.1048
1515179467,1000.000000,-0.1170,-0.0007,-0.1141,-0.0002,4.7468,4.7468,-0.0016,-1.1049
1515179467,1000.000000,-0.1161,-0.0006,-0.1135,-0.0002,4.7462,4.7468,-0.0016,-1.1048
1515179467,1000.000000,-0.1186,-0.0007,-0.1151,-0.0002,4.7479,4.7478,-0.0016,-1.1049
1515179467,1000.000000,-0.1207,-0.0006,-0.1169,-0.0002,4.7467,4.7476,-0.0016,-1.1049
1515179467,1000.000000,-0.1221,-0.0007,-0.1176,-0.0002,4.7465,4.7468,-0.0016,-1.1051
1515179467,1000.000000,-0.1193,-0.0006,-0.1157,-0.0002,4.7482,4.7482,-0.0016,-1.1049
1515179467,1000.000000,-0.1176,-0.0007,-0.1141,-0.0002,4.7470,4.7475,-0.0016,-1.1049
1515179467,1000.000000,-0.1212,-0.0005,-0.1167,-0.0002,4.7452,4.7459,-0.0016,-1.1051
1515179467,1000.000000,-0.1212,-0.0006,-0.1166,-0.0002,4.7450,4.7459,-0.0016,-1.1049
1515179467,1000.000000,-0.1221,-0.0006,-0.1170,-0.0002,4.7467,4.7468,-0.0016,-1.1051
1515179467,1000.000000,-0.1141,-0.0006,-0.1117,-0.0003,4.7468,4.7476,-0.0017,-1.1048
1515179467,1000.000000,-0.1176,-0.0007,-0.1141,-0.0003,4.7462,4.7470,-0.0017,-1.1051
1515179467,1000.000000,-0.1152,-0.0006,-0.1126,-0.0003,4.7467,4.7476,-0.0016,-1.1049
1515179467,1000.000000,-0.1173,-0.0007,-0.1143,-0.0003,4.7458,4.7467,-0.0017,-1.1051
1515179467,1000.000000,-0.1193,-0.0007,-0.1157,-0.0002,4.7459,4.7461,-0.0017,-1.1054
1515179467,1000.000000,-0.1189,-0.0007,-0.1155,-0.0002,4.7468,4.7479,-0.0016,-1.1054
1515179467,1000.000000,-0.1183,-0.0007,-0.1149,-0.0002,4.7488,4.7496,-0.0017,-1.1055
1515179467,1000.000000,-0.1161,-0.0007,-0.1137,-0.0003,4.7468,4.7470,-0.0017,-1.1055
1515179467,1000.000000,-0.1183,-0.0007,-0.1151,-0.0002,4.7472,4.7478,-0.0017,-1.1055
1515179467,1000.000000,-0.1219,-0.0007,-0.1175,-0.0002,4.7465,4.7470,-0.0017,-1.1055
1515179467,1000.000000,-0.1215,-0.0007,-0.1175,-0.0002,4.7479,4.7491,-0.0016,-1.1057
1515179467,1000.000000,-0.1213,-0.0006,-0.1170,-0.0003,4.7481,4.7490,-0.0016,-1.1057
1515179467,1000.000000,-0.1192,-0.0007,-0.1155,-0.0002,4.7481,4.7478,-0.0016,-1.1055
1515179467,1000.000000,-0.1172,-0.0006,-0.1140,-0.0002,4.7450,4.7452,-0.0016,-1.1055
1515179467,1000.000000,-0.1233,-0.0006,-0.1180,-0.0002,4.7478,4.7479,-0.0016,-1.1057
1515179467,1000.000000,-0.1205,-0.0006,-0.1163,-0.0001,4.7465,4.7476,-0.0017,-1.1055
1515179467,1000.000000,-0.1221,-0.0006,-0.1172,-0.0002,4.7458,4.7465,-0.0016,-1.1057
1515179467,1000.000000,-0.1181,-0.0006,-0.1146,-0.0002,4.7458,4.7462,-0.0016,-1.1055
1515179467,1000.000000,-0.1170,-0.0006,-0.1138,-0.0002,4.7465,4.7470,-0.0017,-1.1057
1515179467,1000.000000,-0.1155,-0.0007,-0.1129,-0.0003,4.7458,4.7459,-0.0017,-1.1057
1515179467,1000.000000,-0.1183,-0.0006,-0.1151,-0.0002,4.7465,4.7481,-0.0017,-1.1057
1515179467,1000.000000,-0.1201,-0.0007,-0.1163,-0.0003,4.7450,4.7461,-0.0018,-1.1058
1515179467,1000.000000,-0.1164,-0.0006,-0.1138,-0.0003,4.7461,4.7470,-0.0017,-1.1058
1515179467,1000.000000,-0.1166,-0.0007,-0.1140,-0.0002,4.7472,4.7479,-0.0017,-1.1058
1515179467,1000.000000,-0.1158,-0.0006,-0.1131,-0.0002,4.7462,4.7467,-0.0017,-1.1058
1515179467,1000.000000,-0.1230,-0.0006,-0.1186,-0.0003,4.7465,4.7468,-0.0017,-1.1060
1515179467,1000.000000,-0.1207,-0.0007,-0.1167,-0.0002,4.7473,4.7481,-0.0016,-1.1060
1515179467,1000.000000,-0.1222,-0.0005,-0.1176,-0.0002,4.7470,4.7485,-0.0016,-1.1060
1515179467,1000.000000,-0.1195,-0.0007,-0.1158,-0.0002,4.7467,4.7470,-0.0016,-1.1060
1515179467,1000.000000,-0.1183,-0.0006,-0.1149,-0.0002,4.7468,4.7468,-0.0016,-1.1058
1515179467,1000.000000,-0.1180,-0.0007,-0.1146,-0.0003,4.7476,4.7479,-0.0016,-1.1060
1515179467,1000.000000,-0.1192,-0.0006,-0.1152,-0.0003,4.7459,4.7468,-0.0016,-1.1060
1515179467,1000.000000,-0.1222,-0.0006,-0.1176,-0.0002,4.7472,4.7482,-0.0017,-1.1060
1515179467,1000.000000,-0.1190,-0.0006,-0.1151,-0.0002,4.7467,4.7472,-0.0017,-1.1060
1515179467,1000.000000,-0.1166,-0.0006,-0.1137,-0.0003,4.7478,4.7481,-0.0017,-1.1060
1515179467,1000.000000,-0.1169,-0.0006,-0.1138,-0.0003,4.7481,4.7493,-0.0016,-1.1060
1515179467,1000.000000,-0.1164,-0.0006,-0.1135,-0.0003,4.7485,4.7487,-0.0016,-1.1060
1515179467,1000.000000,-0.1204,-0.0006,-0.1163,-0.0002,4.7462,4.7478,-0.0017,-1.1061
1515179467,1000.000000,-0.1204,-0.0007,-0.1166,-0.0002,4.7467,4.7472,-0.0017,-1.1066
1515179467,1000.000000,-0.1146,-0.0006,-0.1125,-0.0003,4.7462,4.7467,-0.0017,-1.1064
1515179467,1000.000000,-0.1169,-0.0006,-0.1140,-0.0002,4.7465,4.7470,-0.0016,-1.1064
1515179467,1000.000000,-0.1161,-0.0007,-0.1137,-0.0002,4.7470,4.7478,-0.0017,-1.1066
1515179467,1000.000000,-0.1190,-0.0007,-0.1157,-0.0003,4.7465,4.7475,-0.0016,-1.1066
1515179467,1000.000000,-0.1202,-0.0007,-0.1163,-0.0003,4.7488,4.7493,-0.0017,-1.1066
1515179467,1000.000000,-0.1215,-0.0006,-0.1172,-0.0002,4.7472,4.7475,-0.0016,-1.1066
1515179467,1000.000000,-0.1202,-0.0006,-0.1161,-0.0002,4.7478,4.7485,-0.0017,-1.1064
1515179467,1000.000000,-0.1175,-0.0007,-0.1143,-0.0003,4.7467,4.7465,-0.0016,-1.1064
1515179467,1000.000000,-0.1213,-0.0006,-0.1169,-0.0003,4.7459,4.7468,-0.0016,-1.1064
1515179467,1000.000000,-0.1213,-0.0007,-0.1169,-0.0002,4.7462,4.7465,-0.0016,-1.1066
1515179467,1000.000000,-0.1219,-0.0006,-0.1172,-0.0002,4.7467,4.7472,-0.0017,-1.1066
1515179467,1000.000000,-0.1143,-0.0007,-0.1119,-0.0003,4.7465,4.7468,-0.0017,-1.1064
1515179467,1000.000000,-0.1163,-0.0007,-0.1135,-0.0002,4.7461,4.7468,-0.0017,-1.1066
1515179467,1000.000000,-0.1160,-0.0007,-0.1132,-0.0002,4.7436,4.7436,-0.0016,-1.1066
1515179467,1000.000000,-0.1169,-0.0006,-0.1138,-0.0002,4.7456,4.7458,-0.0016,-1.1068
1515179467,1000.000000,-0.1189,-0.0006,-0.1152,-0.0002,4.7461,4.7468,-0.0016,-1.1069
1515179467,1000.000000,-0.1186,-0.0006,-0.1152,-0.0002,4.7453,4.7456,-0.0017,-1.1069
1515179467,1000.000000,-0.1183,-0.0006,-0.1152,-0.0002,4.7450,4.7456,-0.0017,-1.1069
1515179467,1000.000000,-0.1151,-0.0007,-0.1129,-0.0003,4.7458,4.7458,-0.0017,-1.1069
1515179467,1000.000000,-0.1186,-0.0006,-0.1155,-0.0002,4.7459,4.7459,-0.0017,-1.1069
1515179467,1000.000000,-0.1213,-0.0006,-0.1172,-0.0002,4.7465,4.7470,-0.0017,-1.1071
1515179467,1000.000000,-0.1219,-0.0005,-0.1172,-0.0001,4.7552,4.7562,-0.0016,-1.1069
1515179467,1000.000000,-0.1215,-0.0006,-0.1170,-0.0002,4.7566,4.7575,-0.0016,-1.1071
1515179467,1000.000000,-0.1184,-0.0005,-0.1149,-0.0003,4.7562,4.7563,-0.0016,-1.1068
1515179467,1000.000000,-0.1169,-0.0007,-0.1137,-0.0003,4.7571,4.7572,-0.0016,-1.1069
1515179467,1000.000000,-0.1236,-0.0007,-0.1183,-0.0003,4.7552,4.7557,-0.0017,-1.1071
1515179467,1000.000000,-0.1212,-0.0007,-0.1166,-0.0002,4.7563,4.7575,-0.0017,-1.1071
1515179467,1000.000000,-0.1219,-0.0006,-0.1170,-0.0002,4.7580,4.7589,-0.0016,-1.1071
1515179467,1000.000000,-0.1180,-0.0007,-0.1141,-0.0002,4.7580,4.7588,-0.0016,-1.1069
1515179467,1000.000000,-0.1173,-0.0006,-0.1140,-0.0002,4.7560,4.7571,-0.0017,-1.1069
1515179467,1000.000000,-0.1161,-0.0006,-0.1129,-0.0002,4.7546,4.7552,-0.0016,-1.1071
1515179467,1000.000000,-0.1173,-0.0006,-0.1141,-0.0003,4.7560,4.7578,-0.0016,-1.1071
1515179467,1000.000000,-0.1199,-0.0006,-0.1160,-0.0002,4.7562,4.7566,-0.0017,-1.1074
1515179467,1000.000000,-0.1163,-0.0007,-0.1137,-0.0003,4.7542,4.7549,-0.0016,-1.1071
1515179467,1000.000000,-0.1164,-0.0006,-0.1138,-0.0002,4.7551,4.7559,-0.0016,-1.1074
1515179467,1000.000000,-0.1163,-0.0007,-0.1135,-0.0003,4.7554,4.7562,-0.0017,-1.1074
1515179467,1000.000000,-0.1227,-0.0006,-0.1181,-0.0002,4.7568,4.7577,-0.0017,-1.1075
1515179467,1000.000000,-0.1207,-0.0007,-0.1167,-0.0002,4.7559,4.7571,-0.0016,-1.1077
1515179467,1000.000000,-0.1221,-0.0006,-0.1176,-0.0002,4.7552,4.7562,-0.0016,-1.1075
1515179467,1000.000000,-0.1199,-0.0006,-0.1158,-0.0003,4.7569,4.7566,-0.0016,-1.1074
1515179467,1000.000000,-0.1190,-0.0006,-0.1152,-0.0001,4.7552,4.7562,-0.0016,-1.1074
1515179467,1000.000000,-0.1189,-0.0006,-0.1151,-0.0002,4.7552,4.7563,-0.0017,-1.1075
1515179467,1000.000000,-0.1186,-0.0007,-0.1149,-0.0002,4.7551,4.7557,-0.0016,-1.1075
1515179467,1000.000000,-0.1222,-0.0007,-0.1172,-0.0003,4.7546,4.7555,-0.0017,-1.1077
1515179467,1000.000000,-0.1183,-0.0006,-0.1146,-0.0002,4.7549,4.7552,-0.0016,-1.1075
1515179467,1000.000000,-0.1163,-0.0007,-0.1132,-0.0002,4.7552,4.7562,-0.0017,-1.1075
1515179467,1000.000000,-0.1164,-0.0007,-0.1135,-0.0003,4.7552,4.7562,-0.0017,-1.1077
1515179467,1000.000000,-0.1169,-0.0006,-0.1137,-0.0002,4.7539,4.7542,-0.0017,-1.1077
1515179467,1000.000000,-0.1175,-0.0006,-0.1143,-0.0002,4.7554,4.7557,-0.0016,-1.1077
1515179467,1000.000000,-0.1204,-0.0006,-0.1166,-0.0003,4.7543,4.7551,-0.0017,-1.1078
1515179467,1000.000000,-0.1141,-0.0007,-0.1122,-0.0003,4.7543,4.7543,-0.0016,-1.1077
1515179467,1000.000000,-0.1169,-0.0005,-0.1140,-0.0002,4.7534,4.7537,-0.0017,-1.1078
1515179467,1000.000000,-0.1158,-0.0006,-0.1132,-0.0002,4.7546,4.7552,-0.0016,-1.1078
1515179467,1000.000000,-0.1190,-0.0007,-0.1157,-0.0003,4.7559,4.7557,-0.0017,-1.1078
1515179467,1000.000000,-0.1215,-0.0006,-0.1170,-0.0003,4.7566,4.7569,-0.0017,-1.1080
1515179467,1000.000000,-0.1221,-0.0006,-0.1175,-0.0002,4.7572,4.7578,-0.0016,-1.1080
1515179467,1000.000000,-0.1192,-0.0005,-0.1152,-0.0002,4.7589,4.7597,-0.0016,-1.1078
1515179467,1000.000000,-0.1184,-0.0007,-0.1149,-0.0002,4.7566,4.7571,-0.0016,-1.1080
1515179467,1000.000000,-0.1212,-0.0006,-0.1166,-0.0002,4.7580,4.7591,-0.0017,-1.1080
1515179467,1000.000000,-0.1215,-0.0007,-0.1167,-0.0003,4.7568,4.7566,-0.0017,-1.1080
1515179467,1000.000000,-0.1219,-0.0007,-0.1169,-0.0003,4.7571,4.7571,-0.0018,-1.1080
1515179467,1000.000000,-0.1143,-0.0007,-0.1119,-0.0002,4.7531,4.7531,-0.0017,-1.1078
1515179467,1000.000000,-0.1175,-0.0006,-0.1141,-0.0002,4.7533,4.7537,-0.0018,-1.1080
1515179467,1000.000000,-0.1160,-0.0007,-0.1132,-0.0002,4.7533,4.7543,-0.0016,-1.1081
1515179467,1000.000000,-0.1166,-0.0006,-0.1137,-0.0002,4.7552,4.7568,-0.0016,-1.1080
1515179467,1000.000000,-0.1189,-0.0006,-0.1152,-0.0003,4.7534,4.7540,-0.0017,-1.1081
1515179467,1000.000000,-0.1184,-0.0006,-0.1149,-0.0002,4.7549,4.7559,-0.0016,-1.1081
1515179467,1000.000000,-0.1181,-0.0007,-0.1149,-0.0003,4.7539,4.7542,-0.0017,-1.1084
1515179467,1000.000000,-0.1158,-0.0007,-0.1131,-0.0003,4.7557,4.7562,-0.0017,-1.1084
1515179467,1000.000000,-0.1183,-0.0007,-0.1151,-0.0002,4.7562,4.7571,-0.0016,-1.1084
1515179467,1000.000000,-0.1215,-0.0007,-0.1175,-0.0003,4.7548,4.7549,-0.0016,-1.1084
1515179467,1000.000000,-0.1219,-0.0006,-0.1175,-0.0002,4.7543,4.7557,-0.0017,-1.1086
1515179467,1000.000000,-0.1219,-0.0007,-0.1175,-0.0002,4.7546,4.7555,-0.0016,-1.1086
1515179467,1000.000000,-0.1195,-0.0007,-0.1157,-0.0003,4.7546,4.7551,-0.0017,-1.1084
1515179467,1000.000000,-0.1175,-0.0007,-0.1141,-0.0003,4.7548,4.7559,-0.0017,-1.1084
1515179467,1000.000000,-0.1234,-0.0006,-0.1183,-0.0002,4.7542,4.7548,-0.0016,-1.1087
1515179467,1000.000000,-0.1207,-0.0006,-0.1163,-0.0002,4.7552,4.7560,-0.0016,-1.1084
1515179467,1000.000000,-0.1225,-0.0006,-0.1172,-0.0003,4.7548,4.7546,-0.0016,-1.1086
1515179467,1000.000000,-0.1184,-0.0006,-0.1147,-0.0003,4.7560,4.7569,-0.0017,-1.1086
1515179467,1000.000000,-0.1170,-0.0007,-0.1140,-0.0003,4.7549,4.7552,-0.0016,-1.1086
1515179467,1000.000000,-0.1160,-0.0005,-0.1131,-0.0002,4.7548,4.7551,-0.0016,-1.1086
1515179467,1000.000000,-0.1170,-0.0006,-0.1140,-0.0002,4.7549,4.7563,-0.0017,-1.1086
1515179467,1000.000000,-0.1196,-0.0006,-0.1158,-0.0002,4.7549,4.7557,-0.0016,-1.1087
1515179467,1000.000000,-0.1169,-0.0006,-0.1140,-0.0002,4.7537,4.7540,-0.0016,-1.1087
1515179467,1000.000000,-0.1166,-0.0007,-0.1138,-0.0003,4.7562,4.7571,-0.0017,-1.1087
1515179467,1000.000000,-0.1161,-0.0005,-0.1135,-0.0003,4.7559,4.7563,-0.0017,-1.1087
1515179467,1000.000000,-0.1227,-0.0007,-0.1181,-0.0002,4.7568,4.7586,-0.0017,-1.1090
1515179467,1000.000000,-0.1213,-0.0007,-0.1170,-0.0003,4.7568,4.7568,-0.0016,-1.1090
1515179467,1000.000000,-0.1222,-0.0006,-0.1175,-0.0003,4.7583,4.7589,-0.0016,-1.1090
1515179467,1000.000000,-0.1215,-0.0006,-0.1170,-0.0002,4.7566,4.7571,-0.0016,-1.1090
1515179467,1000.000000,-0.1176,-0.0007,-0.1146,-0.0002,4.7566,4.7568,-0.0016,-1.1089
1515179467,1000.000000,-0.1181,-0.0007,-0.1147,-0.0003,4.7554,4.7557,-0.0017,-1.1089
1515179467,1000.000000,-0.1193,-0.0006,-0.1152,-0.0002,4.7566,4.7568,-0.0016,-1.1090
1515179467,1000.000000,-0.1224,-0.0006,-0.1175,-0.0002,4.7552,4.7559,-0.0017,-1.1089
1515179467,1000.000000,-0.1193,-0.0007,-0.1152,-0.0002,4.7543,4.7551,-0.0017,-1.1090
1515179467,1000.000000,-0.1164,-0.0006,-0.1132,-0.0003,4.7543,4.7552,-0.0016,-1.1089
1515179467,1000.000000,-0.1170,-0.0007,-0.1138,-0.0003,4.7551,4.7557,-0.0017,-1.1087
1515179467,1000.000000,-0.1169,-0.0005,-0.1137,-0.0002,4.7554,4.7569,-0.0016,-1.1090
1515179467,1000.000000,-0.1189,-0.0007,-0.1152,-0.0003,4.7549,4.7559,-0.0018,-1.1090
1515179467,1000.000000,-0.1195,-0.0006,-0.1158,-0.0002,4.7551,4.7555,-0.0016,-1.1093
1515179467,1000.000000,-0.1146,-0.0006,-0.1126,-0.0003,4.7546,4.7552,-0.0016,-1.1093
1515179467,1000.000000,-0.1170,-0.0006,-0.1141,-0.0002,4.7552,4.7560,-0.0016,-1.1093
1515179467,1000.000000,-0.1161,-0.0007,-0.1135,-0.0002,4.7549,4.7560,-0.0017,-1.1093
1515179467,1000.000000,-0.1201,-0.0007,-0.1163,-0.0003,4.7554,4.7571,-0.0016,-1.1095
1515179467,1000.000000,-0.1205,-0.0006,-0.1167,-0.0002,4.7562,4.7571,-0.0016,-1.1097
1515179467,1000.000000,-0.1216,-0.0007,-0.1175,-0.0002,4.7552,4.7557,-0.0016,-1.1095
1515179467,1000.000000,-0.1216,-0.0007,-0.1172,-0.0003,4.7537,4.7542,-0.0017,-1.1095
1515179467,1000.000000,-0.1170,-0.0006,-0.1138,-0.0003,4.7560,4.7569,-0.0016,-1.1095
1515179467,1000.000000,-0.1215,-0.0006,-0.1170,-0.0002,4.7549,4.7563,-0.0016,-1.1095
1515179467,1000.000000,-0.1215,-0.0007,-0.1169,-0.0003,4.7552,4.7562,-0.0017,-1.1095
1515179467,1000.000000,-0.1221,-0.0006,-0.1172,-0.0003,4.7526,4.7533,-0.0017,-1.1097
1515179467,1000.000000,-0.1149,-0.0007,-0.1120,-0.0003,4.7551,4.7555,-0.0017,-1.1095
1515179467,1000.000000,-0.1173,-0.0007,-0.1140,-0.0002,4.7551,4.7559,-0.0017,-1.1095
1515179467,1000.000000,-0.1161,-0.0006,-0.1131,-0.0002,4.7546,4.7555,-0.0017,-1.1095
1515179467,1000.000000,-0.1176,-0.0006,-0.1141,-0.0002,4.7549,4.7552,-0.0016,-1.1097
1515179467,1000.000000,-0.1181,-0.0006,-0.1147,-0.0002,4.7552,4.7566,-0.0016,-1.1097
1515179467,1000.000000,-0.1186,-0.0007,-0.1151,-0.0003,4.7554,4.7568,-0.0017,-1.1098
1515179467,1000.000000,-0.1186,-0.0006,-0.1152,-0.0002,4.7548,4.7555,-0.0018,-1.1098
1515179467,1000.000000,-0.1158,-0.0005,-0.1132,-0.0002,4.7566,4.7571,-0.0016,-1.1098
1515179467,1000.000000,-0.1184,-0.0005,-0.1152,-0.0002,4.7568,4.7568,-0.0017,-1.1098
1515179467,1000.000000,-0.1222,-0.0006,-0.1178,-0.0002,4.7572,4.7581,-0.0016,-1.1100
1515179467,1000.000000,-0.1212,-0.0006,-0.1169,-0.0002,4.7559,4.7563,-0.0016,-1.1100
1515179467,1000.000000,-0.1222,-0.0007,-0.1178,-0.0002,4.7562,4.7571,-0.0018,-1.1100
1515179467,1000.000000,-0.1189,-0.0006,-0.1152,-0.0002,4.7554,4.7562,-0.0016,-1.1098
1515179467,1000.000000,-0.1170,-0.0006,-0.1138,-0.0002,4.7566,4.7562,-0.0016,-1.1098
1515179467,1000.000000,-0.1230,-0.0007,-0.1178,-0.0003,4.7560,4.7563,-0.0016,-1.1100
1515179467,1000.000000,-0.1207,-0.0006,-0.1166,-0.0002,4.7479,4.7485,-0.0016,-1.1100
1515179467,1000.000000,-0.1224,-0.0007,-0.1176,-0.0003,4.7443,4.7450,-0.0017,-1.1101
1515179467,1000.000000,-0.1176,-0.0006,-0.1143,-0.0002,4.7458,4.7456,-0.0017,-1.1100
1515179467,1000.000000,-0.1172,-0.0006,-0.1141,-0.0003,4.7459,4.7467,-0.0018,-1.1100
1515179467,1000.000000,-0.1160,-0.0006,-0.1132,-0.0002,4.7461,4.7465,-0.0017,-1.1100
1515179467,1000.000000,-0.1180,-0.0006,-0.1149,-0.0002,4.7443,4.7452,-0.0016,-1.1101
1515179467,1000.000000,-0.1202,-0.0006,-0.1166,-0.0002,4.7450,4.7458,-0.0016,-1.1104
1515179467,1000.000000,-0.1175,-0.0006,-0.1146,-0.0002,4.7453,4.7459,-0.0016,-1.1101
1515179467,1000.000000,-0.1164,-0.0007,-0.1140,-0.0003,4.7470,4.7467,-0.0016,-1.1101
1515179467,1000.000000,-0.1164,-0.0006,-0.1140,-0.0003,4.7467,4.7476,-0.0016,-1.1104
1515179467,1000.000000,-0.1231,-0.0005,-0.1186,-0.0002,4.7468,4.7481,-0.0016,-1.1107
1515179467,1000.000000,-0.1202,-0.0006,-0.1166,-0.0002,4.7481,4.7476,-0.0016,-1.1106
1515179467,1000.000000,-0.1225,-0.0006,-0.1180,-0.0002,4.7470,4.7478,-0.0017,-1.1106
1515179467,1000.000000,-0.1210,-0.0007,-0.1169,-0.0002,4.7462,4.7467,-0.0016,-1.1104
1515179467,1000.000000,-0.1204,-0.0006,-0.1163,-0.0002,4.7465,4.7475,-0.0016,-1.1104
1515179467,1000.000000,-0.1189,-0.0006,-0.1151,-0.0002,4.7456,4.7470,-0.0016,-1.1104
1515179467,1000.000000,-0.1192,-0.0007,-0.1155,-0.0003,4.7476,4.7472,-0.0016,-1.1106
1515179467,1000.000000,-0.1231,-0.0007,-0.1180,-0.0002,4.7456,4.7452,-0.0017,-1.1106
1515179467,1000.000000,-0.1195,-0.0007,-0.1155,-0.0002,4.7456,4.7461,-0.0016,-1.1106
1515179467,1000.000000,-0.1164,-0.0007,-0.1137,-0.0003,4.7461,4.7459,-0.0016,-1.1106
1515179467,1000.000000,-0.1160,-0.0005,-0.1131,-0.0002,4.7481,4.7485,-0.0016,-1.1104
1515179467,1000.000000,-0.1163,-0.0007,-0.1135,-0.0003,4.7476,4.7479,-0.0017,-1.1104
1515179467,1000.000000,-0.1190,-0.0007,-0.1157,-0.0002,4.7468,4.7479,-0.0017,-1.1107
1515179467,1000.000000,-0.1204,-0.0007,-0.1166,-0.0002,4.7478,4.7482,-0.0017,-1.1109
1515179467,1000.000000,-0.1143,-0.0006,-0.1125,-0.0002,4.7493,4.7499,-0.0017,-1.1107
1515179467,1000.000000,-0.1173,-0.0006,-0.1146,-0.0002,4.7478,4.7481,-0.0017,-1.1109
1515179467,1000.000000,-0.1154,-0.0006,-0.1132,-0.0002,4.7468,4.7465,-0.0016,-1.1109
1515179467,1000.000000,-0.1196,-0.0006,-0.1161,-0.0002,4.7468,4.7472,-0.0016,-1.1109
1515179467,1000.000000,-0.1213,-0.0006,-0.1175,-0.0002,4.7467,4.7475,-0.0016,-1.1110
1515179467,1000.000000,-0.1224,-0.0006,-0.1178,-0.0002,4.7453,4.7456,-0.0016,-1.1110
1515179467,1000.000000,-0.1201,-0.0006,-0.1161,-0.0003,4.7452,4.7458,-0.0016,-1.1107
1515179467,1000.000000,-0.1189,-0.0006,-0.1152,-0.0002,4.7472,4.7475,-0.0017,-1.1109
1515179467,1000.000000,-0.1213,-0.0006,-0.1169,-0.0003,4.7459,4.7470,-0.0017,-1.1107
1515179467,1000.000000,-0.1213,-0.0006,-0.1167,-0.0002,4.7473,4.7476,-0.0016,-1.1109
1515179467,1000.000000,-0.1227,-0.0006,-0.1178,-0.0002,4.7465,4.7478,-0.0017,-1.1110
1515179467,1000.000000,-0.1154,-0.0006,-0.1128,-0.0002,4.7459,4.7470,-0.0016,-1.1109
1515179467,1000.000000,-0.1175,-0.0007,-0.1143,-0.0002,4.7452,4.7461,-0.0016,-1.1109
1515179467,1000.000000,-0.1161,-0.0007,-0.1132,-0.0001,4.7453,4.7467,-0.0016,-1.1109
1515179467,1000.000000,-0.1175,-0.0007,-0.1146,-0.0002,4.7456,4.7465,-0.0016,-1.1109
1515179467,1000.000000,-0.1199,-0.0006,-0.1161,-0.0002,4.7461,4.7470,-0.0017,-1.1112
1515179467,1000.000000,-0.1184,-0.0006,-0.1152,-0.0002,4.7470,4.7475,-0.0016,-1.1112
1515179467,1000.000000,-0.1192,-0.0007,-0.1158,-0.0003,4.7450,4.7462,-0.0017,-1.1115
1515179467,1000.000000,-0.1158,-0.0006,-0.1137,-0.0003,4.7467,4.7488,-0.0016,-1.1115
1515179467,1000.000000,-0.1181,-0.0006,-0.1151,-0.0002,4.7478,4.7485,-0.0017,-1.1115
1515179467,1000.000000,-0.1215,-0.0007,-0.1175,-0.0003,4.7478,4.7487,-0.0017,-1.1115
1515179467,1000.000000,-0.1215,-0.0007,-0.1175,-0.0002,4.7468,4.7476,-0.0017,-1.1116
1515179467,1000.000000,-0.1205,-0.0007,-0.1167,-0.0003,4.7476,4.7478,-0.0016,-1.1115
1515179467,1000.000000,-0.1180,-0.0006,-0.1147,-0.0002,4.7470,4.7475,-0.0016,-1.1115
1515179467,1000.000000,-0.1161,-0.0006,-0.1135,-0.0002,4.7470,4.7472,-0.0016,-1.1115
1515179467,1000.000000,-0.1242,-0.0006,-0.1190,-0.0002,4.7456,4.7465,-0.0016,-1.1116
1515179467,1000.000000,-0.1207,-0.0006,-0.1163,-0.0002,4.7478,4.7490,-0.0016,-1.1116
1515179467,1000.000000,-0.1221,-0.0007,-0.1175,-0.0002,4.7467,4.7468,-0.0017,-1.1116
1515179467,1000.000000,-0.1183,-0.0007,-0.1149,-0.0002,4.7467,4.7470,-0.0017,-1.1115
1515179467,1000.000000,-0.1166,-0.0006,-0.1137,-0.0002,4.7468,4.7475,-0.0016,-1.1115
1515179467,1000.000000,-0.1166,-0.0006,-0.1138,-0.0002,4.7470,4.7485,-0.0017,-1.1116
1515179467,1000.000000,-0.1176,-0.0006,-0.1143,-0.0002,4.7472,4.7485,-0.0017,-1.1116
1515179467,1000.000000,-0.1199,-0.0006,-0.1163,-0.0003,4.7487,4.7499,-0.0018,-1.1119
1515179467,1000.000000,-0.1170,-0.0006,-0.1143,-0.0002,4.7479,4.7488,-0.0016,-1.1098
1515179467,1000.000000,-0.1166,-0.0006,-0.1140,-0.0002,4.7467,4.7472,-0.0016,-1.1118
1515179467,1000.000000,-0.1166,-0.0007,-0.1141,-0.0002,4.7462,4.7468,-0.0017,-1.1098
1515179467,1000.000000,-0.1231,-0.0005,-0.1187,-0.0003,4.7473,4.7485,-0.0016,-1.1121
1515179467,1000.000000,-0.1216,-0.0007,-0.1176,-0.0002,4.7462,4.7467,-0.0017,-1.1100
1515179467,1000.000000,-0.1215,-0.0006,-0.1172,-0.0002,4.7468,4.7475,-0.0016,-1.1119
1515179467,1000.000000,-0.1212,-0.0007,-0.1172,-0.0002,4.7447,4.7452,-0.0017,-1.1100
1515179467,1000.000000,-0.1202,-0.0006,-0.1163,-0.0002,4.7439,4.7452,-0.0016,-1.1118
1515179467,1000.000000,-0.1189,-0.0006,-0.1151,-0.0002,4.7450,4.7461,-0.0017,-1.1100
1515179467,1000.000000,-0.1201,-0.0006,-0.1160,-0.0002,4.7476,4.7481,-0.0016,-1.1119
1515179467,1000.000000,-0.1225,-0.0007,-0.1178,-0.0003,4.7453,4.7452,-0.0017,-1.1101
1515179467,1000.000000,-0.1196,-0.0006,-0.1157,-0.0002,4.7468,4.7475,-0.0016,-1.1121
1515179467,1000.000000,-0.1170,-0.0007,-0.1138,-0.0002,4.7449,4.7452,-0.0017,-1.1098
1515179467,1000.000000,-0.1180,-0.0006,-0.1146,-0.0002,4.7458,4.7462,-0.0017,-1.1119
1515179467,1000.000000,-0.1170,-0.0006,-0.1141,-0.0002,4.7456,4.7461,-0.0016,-1.1100
1515179467,1000.000000,-0.1176,-0.0006,-0.1146,-0.0003,4.7465,4.7467,-0.0017,-1.1121
1515179467,1000.000000,-0.1202,-0.0005,-0.1166,-0.0002,4.7462,4.7461,-0.0016,-1.1104
1515179467,1000.000000,-0.1144,-0.0007,-0.1125,-0.0003,4.7470,4.7478,-0.0017,-1.1121
1515179467,1000.000000,-0.1176,-0.0006,-0.1149,-0.0002,4.7467,4.7470,-0.0016,-1.1104
1515179467,1000.000000,-0.1161,-0.0006,-0.1137,-0.0002,4.7468,4.7478,-0.0016,-1.1124
1515179467,1000.000000,-0.1199,-0.0006,-0.1166,-0.0002,4.7476,4.7481,-0.0016,-1.1104
1515179467,1000.000000,-0.1205,-0.0007,-0.1170,-0.0003,4.7472,4.7481,-0.0017,-1.1126
1515179467,1000.000000,-0.1222,-0.0007,-0.1178,-0.0003,4.7470,4.7482,-0.0017,-1.1104
1515179467,1000.000000,-0.1186,-0.0006,-0.1151,-0.0002,4.7456,4.7461,-0.0016,-1.1126
1515179467,1000.000000,-0.1180,-0.0006,-0.1147,-0.0002,4.7462,4.7462,-0.0016,-1.1104
1515179467,1000.000000,-0.1207,-0.0006,-0.1166,-0.0003,4.7472,4.7478,-0.0017,-1.1126
1515179467,1000.000000,-0.1215,-0.0006,-0.1170,-0.0002,4.7479,4.7488,-0.0017,-1.1104
1515179467,1000.000000,-0.1221,-0.0007,-0.1172,-0.0003,4.7470,4.7472,-0.0017,-1.1127
1515179467,1000.000000,-0.1149,-0.0006,-0.1125,-0.0002,4.7462,4.7470,-0.0016,-1.1101
1515179467,1000.000000,-0.1169,-0.0007,-0.1140,-0.0003,4.7459,4.7456,-0.0018,-1.1126
1515179467,1000.000000,-0.1163,-0.0006,-0.1135,-0.0002,4.7473,4.7485,-0.0016,-1.1104
1515179467,1000.000000,-0.1175,-0.0006,-0.1146,-0.0003,4.7472,4.7481,-0.0017,-1.1127
1515179467,1000.000000,-0.1184,-0.0006,-0.1151,-0.0002,4.7468,4.7478,-0.0016,-1.1107
1515179467,1000.000000,-0.1192,-0.0006,-0.1158,-0.0003,4.7473,4.7479,-0.0017,-1.1127
1515179467,1000.000000,-0.1180,-0.0006,-0.1151,-0.0003,4.7467,4.7478,-0.0018,-1.1109
1515179467,1000.000000,-0.1160,-0.0006,-0.1138,-0.0002,4.7468,4.7478,-0.0016,-1.1129
1515179467,1000.000000,-0.1189,-0.0007,-0.1157,-0.0003,4.7470,4.7475,-0.0018,-1.1109
1515179467,1000.000000,-0.1216,-0.0006,-0.1175,-0.0001,4.7473,4.7482,-0.0016,-1.1130
1515179467,1000.000000,-0.1219,-0.0006,-0.1176,-0.0002,4.7470,4.7482,-0.0017,-1.1109
1515179467,1000.000000,-0.1213,-0.0007,-0.1172,-0.0003,4.7481,4.7482,-0.0017,-1.1130
1515179467,1000.000000,-0.1193,-0.0005,-0.1157,-0.0002,4.7476,4.7482,-0.0016,-1.1109
1515179467,1000.000000,-0.1181,-0.0007,-0.1147,-0.0002,4.7472,4.7476,-0.0018,-1.1129
1515179467,1000.000000,-0.1230,-0.0007,-0.1180,-0.0002,4.7478,4.7482,-0.0018,-1.1109
1515179467,1000.000000,-0.1205,-0.0007,-0.1166,-0.0002,4.7456,4.7461,-0.0017,-1.1130
1515179467,1000.000000,-0.1225,-0.0005,-0.1175,-0.0002,4.7459,4.7458,-0.0017,-1.1110
1515179467,1000.000000,-0.1189,-0.0007,-0.1152,-0.0002,4.7459,4.7468,-0.0016,-1.1130
1515179467,1000.000000,-0.1175,-0.0006,-0.1143,-0.0002,4.7456,4.7456,-0.0017,-1.1109
1515179467,1000.000000,-0.1160,-0.0007,-0.1132,-0.0003,4.7449,4.7455,-0.0017,-1.1130
1515179467,1000.000000,-0.1183,-0.0007,-0.1149,-0.0002,4.7539,4.7552,-0.0018,-1.1110
1515179467,1000.000000,-0.1196,-0.0006,-0.1158,-0.0002,4.7554,4.7549,-0.0017,-1.1132
1515179467,1000.000000,-0.1164,-0.0007,-0.1138,-0.0002,4.7566,4.7571,-0.0017,-1.1110
1515179467,1000.000000,-0.1170,-0.0006,-0.1141,-0.0002,4.7554,4.7563,-0.0016,-1.1132
1515179467,1000.000000,-0.1155,-0.0007,-0.1132,-0.0002,4.7572,4.7583,-0.0017,-1.1112
1515179467,1000.000000,-0.1231,-0.0006,-0.1186,-0.0002,4.7542,4.7551,-0.0017,-1.1136
1515179467,1000.000000,-0.1213,-0.0007,-0.1170,-0.0003,4.7560,4.7560,-0.0016,-1.1115
1515179467,1000.000000,-0.1221,-0.0007,-0.1176,-0.0003,4.7557,4.7566,-0.0018,-1.1136
1515179467,1000.000000,-0.1207,-0.0006,-0.1167,-0.0002,4.7557,4.7566,-0.0016,-1.1115
1515179467,1000.000000,-0.1202,-0.0006,-0.1161,-0.0002,4.7549,4.7555,-0.0017,-1.1135
1515179467,1000.000000,-0.1186,-0.0007,-0.1151,-0.0002,4.7557,4.7557,-0.0017,-1.1115
1515179467,1000.000000,-0.1196,-0.0007,-0.1157,-0.0002,4.7549,4.7549,-0.0017,-1.1135
1515179467,1000.000000,-0.1224,-0.0006,-0.1176,-0.0002,4.7551,4.7555,-0.0016,-1.1115
1515179467,1000.000000,-0.1193,-0.0006,-0.1155,-0.0002,4.7571,4.7577,-0.0016,-1.1135
1515179467,1000.000000,-0.1166,-0.0006,-0.1137,-0.0003,4.7540,4.7546,-0.0016,-1.1115
1515179467,1000.000000,-0.1161,-0.0006,-0.1132,-0.0002,4.7552,4.7557,-0.0016,-1.1136
1515179467,1000.000000,-0.1164,-0.0006,-0.1135,-0.0003,4.7551,4.7551,-0.0017,-1.1116
1515179467,1000.000000,-0.1184,-0.0007,-0.1147,-0.0002,4.7551,4.7562,-0.0017,-1.1136
1515179467,1000.000000,-0.1207,-0.0006,-0.1169,-0.0002,4.7549,4.7563,-0.0016,-1.1118
1515179467,1000.000000,-0.1140,-0.0006,-0.1122,-0.0002,4.7560,4.7563,-0.0017,-1.1116
1515179467,1000.000000,-0.1176,-0.0007,-0.1147,-0.0003,4.7542,4.7546,-0.0016,-1.1138
1515179467,1000.000000,-0.1160,-0.0006,-0.1135,-0.0002,4.7568,4.7572,-0.0017,-1.1116
1515179467,1000.000000,-0.1196,-0.0007,-0.1161,-0.0002,4.7559,4.7569,-0.0016,-1.1139
1515179467,1000.000000,-0.1210,-0.0007,-0.1169,-0.0003,4.7562,4.7577,-0.0017,-1.1119
1515179467,1000.000000,-0.1225,-0.0006,-0.1180,-0.0003,4.7552,4.7563,-0.0017,-1.1119
1515179467,1000.000000,-0.1189,-0.0006,-0.1152,-0.0002,4.7554,4.7559,-0.0016,-1.1118
1515179467,1000.000000,-0.1173,-0.0006,-0.1140,-0.0003,4.7552,4.7557,-0.0016,-1.1118
1515179467,1000.000000,-0.1202,-0.0006,-0.1161,-0.0002,4.7557,4.7562,-0.0017,-1.1118
1515179467,1000.000000,-0.1207,-0.0007,-0.1166,-0.0002,4.7540,4.7537,-0.0017,-1.1119
1515179467,1000.000000,-0.1222,-0.0006,-0.1175,-0.0003,4.7546,4.7555,-0.0017,-1.1119
1515179467,1000.000000,-0.1155,-0.0006,-0.1129,-0.0002,4.7537,4.7542,-0.0016,-1.1118
1515179467,1000.000000,-0.1169,-0.0006,-0.1138,-0.0003,4.7537,4.7542,-0.0017,-1.1118
1515179467,1000.000000,-0.1161,-0.0006,-0.1131,-0.0002,4.7563,4.7575,-0.0016,-1.1119
1515179467,1000.000000,-0.1170,-0.0005,-0.1140,-0.0003,4.7560,4.7563,-0.0017,-1.1119
1515179467,1000.000000,-0.1180,-0.0007,-0.1147,-0.0002,4.7549,4.7557,-0.0016,-1.1119
1515179467,1000.000000,-0.1189,-0.0006,-0.1155,-0.0002,4.7572,4.7578,-0.0017,-1.1121
1515179467,1000.000000,-0.1176,-0.0007,-0.1147,-0.0002,4.7560,4.7563,-0.0017,-1.1121
1515179467,1000.000000,-0.1154,-0.0006,-0.1132,-0.0002,4.7574,4.7575,-0.0016,-1.1121
1515179467,1000.000000,-0.1181,-0.0007,-0.1151,-0.0003,4.7577,4.7581,-0.0017,-1.1124
1515179467,1000.000000,-0.1216,-0.0006,-0.1175,-0.0002,4.7554,4.7571,-0.0016,-1.1124
1515179467,1000.000000,-0.1210,-0.0007,-0.1167,-0.0003,4.7569,4.7569,-0.0017,-1.1126
1515179467,1000.000000,-0.1216,-0.0006,-0.1175,-0.0002,4.7549,4.7552,-0.0016,-1.1126
1515179467,1000.000000,-0.1181,-0.0006,-0.1149,-0.0002,4.7560,4.7559,-0.0016,-1.1124
1515179467,1000.000000,-0.1176,-0.0006,-0.1146,-0.0002,4.7552,4.7562,-0.0017,-1.1124
1515179467,1000.000000,-0.1236,-0.0006,-0.1186,-0.0002,4.7552,4.7559,-0.0016,-1.1126
1515179467,1000.000000,-0.1204,-0.0007,-0.1163,-0.0002,4.7552,4.7551,-0.0016,-1.1124
1515179467,1000.000000,-0.1222,-0.0007,-0.1175,-0.0003,4.7577,4.7591,-0.0017,-1.1126
1515179467,1000.000000,-0.1176,-0.0007,-0.1141,-0.0003,4.7551,4.7562,-0.0017,-1.1124
1515179467,1000.000000,-0.1175,-0.0006,-0.1143,-0.0002,4.7546,4.7562,-0.0017,-1.1126
1515179467,1000.000000,-0.1160,-0.0007,-0.1132,-0.0003,4.7549,4.7555,-0.0017,-1.1126
1515179467,1000.000000,-0.1180,-0.0006,-0.1146,-0.0002,4.7551,4.7557,-0.0017,-1.1126
1515179467,1000.000000,-0.1201,-0.0007,-0.1163,-0.0002,4.7546,4.7560,-0.0017,-1.1127
1515179467,1000.000000,-0.1173,-0.0006,-0.1143,-0.0002,4.7552,4.7562,-0.0016,-1.1127
1515179467,1000.000000,-0.1170,-0.0007,-0.1143,-0.0002,4.7554,4.7569,-0.0016,-1.1127
1515179467,1000.000000,-0.1161,-0.0006,-0.1137,-0.0002,4.7563,4.7568,-0.0016,-1.1127
1515179467,1000.000000,-0.1225,-0.0006,-0.1180,-0.0002,4.7557,4.7566,-0.0016,-1.1129
1515179467,1000.000000,-0.1213,-0.0007,-0.1172,-0.0003,4.7554,4.7559,-0.0017,-1.1130
1515179467,1000.000000,-0.1215,-0.0005,-0.1172,-0.0002,4.7557,4.7562,-0.0016,-1.1129
1515179467,1000.000000,-0.1210,-0.0006,-0.1169,-0.0002,4.7551,4.7559,-0.0016,-1.1129
1515179467,1000.000000,-0.1195,-0.0006,-0.1157,-0.0002,4.7552,4.7566,-0.0017,-1.1129
1515179467,1000.000000,-0.1183,-0.0006,-0.1147,-0.0003,4.7548,4.7557,-0.0017,-1.1130
1515179467,1000.000000,-0.1204,-0.0006,-0.1161,-0.0002,4.7551,4.7557,-0.0016,-1.1129
1515179467,1000.000000,-0.1221,-0.0006,-0.1172,-0.0002,4.7551,4.7557,-0.0016,-1.1130
1515179467,1000.000000,-0.1196,-0.0007,-0.1157,-0.0002,4.7551,4.7549,-0.0016,-1.1129
1515179467,1000.000000,-0.1170,-0.0007,-0.1137,-0.0003,4.7554,4.7562,-0.0016,-1.1129
1515179467,1000.000000,-0.1173,-0.0007,-0.1140,-0.0003,4.7554,4.7575,-0.0017,-1.1130
1515179467,1000.000000,-0.1172,-0.0006,-0.1141,-0.0002,4.7557,4.7562,-0.0016,-1.1130
1515179467,1000.000000,-0.1176,-0.0006,-0.1146,-0.0002,4.7569,4.7583,-0.0017,-1.1129
1515179467,1000.000000,-0.1212,-0.0006,-0.1170,-0.0003,4.7560,4.7568,-0.0017,-1.1132
1515179467,1000.000000,-0.1144,-0.0006,-0.1122,-0.0002,4.7562,4.7562,-0.0016,-1.1132
1515179467,1000.000000,-0.1176,-0.0007,-0.1147,-0.0002,4.7559,4.7566,-0.0017,-1.1132
1515179467,1000.000000,-0.1163,-0.0007,-0.1137,-0.0003,4.7572,4.7581,-0.0018,-1.1132
1515179467,1000.000000,-0.1199,-0.0006,-0.1163,-0.0002,4.7571,4.7577,-0.0016,-1.1132
1515179467,1000.000000,-0.1212,-0.0006,-0.1170,-0.0002,4.7562,4.7566,-0.0016,-1.1135
1515179467,1000.000000,-0.1221,-0.0006,-0.1175,-0.0003,4.7557,4.7562,-0.0017,-1.1135
1515179467,1000.000000,-0.1224,-0.0006,-0.1180,-0.0003,4.7548,4.7560,-0.0017,-1.1135
1515179467,1000.000000,-0.1186,-0.0007,-0.1151,-0.0002,4.7554,4.7559,-0.0016,-1.1132
1515179467,1000.000000,-0.1207,-0.0007,-0.1166,-0.0003,4.7571,4.7580,-0.0017,-1.1135
1515179467,1000.000000,-0.1212,-0.0006,-0.1167,-0.0002,4.7554,4.7569,-0.0016,-1.1135
1515179467,1000.000000,-0.1224,-0.0007,-0.1175,-0.0002,4.7543,4.7557,-0.0016,-1.1135
1515179467,1000.000000,-0.1152,-0.0006,-0.1126,-0.0002,4.7552,4.7560,-0.0016,-1.1132
1515179467,1000.000000,-0.1166,-0.0006,-0.1135,-0.0002,4.7557,4.7566,-0.0017,-1.1135
1515179467,1000.000000,-0.1161,-0.0006,-0.1132,-0.0002,4.7546,4.7557,-0.0016,-1.1135
1515179467,1000.000000,-0.1172,-0.0006,-0.1140,-0.0002,4.7540,4.7543,-0.0016,-1.1136
1515179467,1000.000000,-0.1181,-0.0006,-0.1149,-0.0002,4.7551,4.7555,-0.0016,-1.1136
1515179467,1000.000000,-0.1201,-0.0006,-0.1163,-0.0002,4.7557,4.7566,-0.0017,-1.1138
1515179467,1000.000000,-0.1175,-0.0007,-0.1146,-0.0002,4.7546,4.7552,-0.0018,-1.1138
1515179467,1000.000000,-0.1160,-0.0006,-0.1135,-0.0003,4.7566,4.7569,-0.0016,-1.1136
1515179467,1000.000000,-0.1180,-0.0006,-0.1149,-0.0002,4.7563,4.7569,-0.0016,-1.1138
1515179467,1000.000000,-0.1215,-0.0006,-0.1175,-0.0002,4.7560,4.7571,-0.0017,-1.1139
1515179467,1000.000000,-0.1215,-0.0007,-0.1170,-0.0003,4.7568,4.7575,-0.0017,-1.1138
1515179467,1000.000000,-0.1213,-0.0006,-0.1172,-0.0002,4.7542,4.7548,-0.0016,-1.1138
1515179467,1000.000000,-0.1216,-0.0006,-0.1170,-0.0003,4.7533,4.7557,-0.0018,-1.1139
1515179467,1000.000000,-0.1180,-0.0006,-0.1143,-0.0002,4.7568,4.7577,-0.0017,-1.1136
1515179467,1000.000000,-0.1233,-0.0006,-0.1183,-0.0002,4.7554,4.7559,-0.0016,-1.1139
1515179467,1000.000000,-0.1205,-0.0007,-0.1161,-0.0002,4.7577,4.7578,-0.0018,-1.1139
1515179467,1000.000000,-0.1227,-0.0007,-0.1178,-0.0003,4.7560,4.7560,-0.0017,-1.1141
1515179467,1000.000000,-0.1176,-0.0007,-0.1143,-0.0002,4.7560,4.7571,-0.0017,-1.1138
1515179467,1000.000000,-0.1172,-0.0006,-0.1140,-0.0002,4.7560,4.7566,-0.0017,-1.1139
1515179467,1000.000000,-0.1161,-0.0006,-0.1131,-0.0002,4.7551,4.7552,-0.0016,-1.1139
1515179467,1000.000000,-0.1193,-0.0006,-0.1157,-0.0003,4.7552,4.7571,-0.0017,-1.1141
1515179467,1000.000000,-0.1201,-0.0006,-0.1163,-0.0002,4.7554,4.7555,-0.0016,-1.1141
1515179467,1000.000000,-0.1170,-0.0006,-0.1141,-0.0003,4.7554,4.7569,-0.0016,-1.1141
1515179467,1000.000000,-0.1170,-0.0007,-0.1141,-0.0003,4.7559,4.7562,-0.0017,-1.1141
1515179467,1000.000000,-0.1160,-0.0007,-0.1137,-0.0002,4.7568,4.7575,-0.0017,-1.1141
1515179467,1000.000000,-0.1233,-0.0007,-0.1189,-0.0002,4.7485,4.7496,-0.0017,-1.1147
1515179467,1000.000000,-0.1216,-0.0005,-0.1176,-0.0003,4.7485,4.7491,-0.0016,-1.1145
1515179467,1000.000000,-0.1216,-0.0005,-0.1176,-0.0002,4.7482,4.7491,-0.0017,-1.1142
1515179467,1000.000000,-0.1212,-0.0006,-0.1170,-0.0003,4.7468,4.7475,-0.0016,-1.1145
1515179467,1000.000000,-0.1199,-0.0007,-0.1161,-0.0003,4.7465,4.7465,-0.0016,-1.1145
1515179467,1000.000000,-0.1189,-0.0006,-0.1152,-0.0002,4.7478,4.7485,-0.0018,-1.1145
1515179467,1000.000000,-0.1205,-0.0006,-0.1167,-0.0002,4.7452,4.7441,-0.0016,-1.1142
1515179467,1000.000000,-0.1224,-0.0006,-0.1178,-0.0002,4.7459,4.7468,-0.0016,-1.1147
1515179467,1000.000000,-0.1199,-0.0006,-0.1161,-0.0002,4.7447,4.7438,-0.0016,-1.1145
1515179467,1000.000000,-0.1170,-0.0007,-0.1141,-0.0003,4.7470,4.7476,-0.0017,-1.1145
1515179467,1000.000000,-0.1164,-0.0007,-0.1137,-0.0002,4.7467,4.7465,-0.0016,-1.1145
1515179467,1000.000000,-0.1163,-0.0007,-0.1137,-0.0002,4.7482,4.7491,-0.0016,-1.1145
1515179467,1000.000000,-0.1184,-0.0006,-0.1155,-0.0002,4.7467,4.7481,-0.0016,-1.1147
1515179467,1000.000000,-0.1210,-0.0006,-0.1170,-0.0003,4.7470,4.7479,-0.0016,-1.1148
1515179467,1000.000000,-0.1143,-0.0007,-0.1125,-0.0002,4.7476,4.7482,-0.0016,-1.1145
1515179467,1000.000000,-0.1172,-0.0007,-0.1146,-0.0003,4.7472,4.7481,-0.0017,-1.1147
1515179467,1000.000000,-0.1163,-0.0006,-0.1138,-0.0002,4.7467,4.7475,-0.0016,-1.1147
1515179467,1000.000000,-0.1199,-0.0006,-0.1166,-0.0002,4.7456,4.7459,-0.0016,-1.1150
1515179467,1000.000000,-0.1221,-0.0006,-0.1180,-0.0002,4.7461,4.7476,-0.0016,-1.1150
1515179467,1000.000000,-0.1219,-0.0006,-0.1176,-0.0002,4.7461,4.7461,-0.0017,-1.1150
1515179467,1000.000000,-0.1199,-0.0005,-0.1161,-0.0002,4.7465,4.7465,-0.0016,-1.1148
1515179467,1000.000000,-0.1181,-0.0005,-0.1149,-0.0002,4.7476,4.7479,-0.0016,-1.1148
1515179467,1000.000000,-0.1205,-0.0006,-0.1166,-0.0002,4.7470,4.7478,-0.0017,-1.1150
1515179467,1000.000000,-0.1215,-0.0006,-0.1170,-0.0002,4.7478,4.7482,-0.0017,-1.1150
1515179467,1000.000000,-0.1224,-0.0007,-0.1176,-0.0002,4.7461,4.7465,-0.0016,-1.1150
1515179467,1000.000000,-0.1160,-0.0006,-0.1132,-0.0003,4.7452,4.7462,-0.0017,-1.1148
1515179467,1000.000000,-0.1176,-0.0005,-0.1146,-0.0002,4.7458,4.7468,-0.0016,-1.1148
1515179467,1000.000000,-0.1164,-0.0007,-0.1138,-0.0002,4.7447,4.7456,-0.0017,-1.1150
1515179467,1000.000000,-0.1172,-0.0007,-0.1143,-0.0002,4.7467,4.7479,-0.0016,-1.1150
1515179467,1000.000000,-0.1196,-0.0007,-0.1161,-0.0003,4.7456,4.7465,-0.0018,-1.1151
1515179467,1000.000000,-0.1196,-0.0007,-0.1161,-0.0002,4.7456,4.7465,-0.0016,-1.1151
1515179467,1000.000000,-0.1181,-0.0006,-0.1152,-0.0002,4.7479,4.7493,-0.0018,-1.1155
1515179467,1000.000000,-0.1160,-0.0007,-0.1138,-0.0002,4.7499,4.7508,-0.0016,-1.1151
1515179467,1000.000000,-0.1186,-0.0005,-0.1155,-0.0002,4.7461,4.7468,-0.0016,-1.1155
1515179467,1000.000000,-0.1213,-0.0006,-0.1175,-0.0002,4.7481,4.7488,-0.0017,-1.1156
1515179467,1000.000000,-0.1219,-0.0006,-0.1176,-0.0003,4.7481,4.7485,-0.0017,-1.1155
1515179467,1000.000000,-0.1216,-0.0007,-0.1175,-0.0003,4.7472,4.7478,-0.0017,-1.1155
1515179467,1000.000000,-0.1207,-0.0006,-0.1169,-0.0002,4.7476,4.7485,-0.0017,-1.1156
1515179467,1000.000000,-0.1173,-0.0007,-0.1143,-0.0002,4.7488,4.7491,-0.0017,-1.1151
1515179467,1000.000000,-0.1234,-0.0006,-0.1183,-0.0002,4.7468,4.7481,-0.0016,-1.1156
1515179467,1000.000000,-0.1212,-0.0006,-0.1169,-0.0002,4.7453,4.7467,-0.0016,-1.1155
1515179467,1000.000000,-0.1224,-0.0006,-0.1176,-0.0003,4.7462,4.7467,-0.0016,-1.1156
1515179467,1000.000000,-0.1176,-0.0006,-0.1143,-0.0002,4.7481,4.7488,-0.0017,-1.1155
1515179467,1000.000000,-0.1173,-0.0006,-0.1143,-0.0002,4.7470,4.7475,-0.0017,-1.1156
1515179467,1000.000000,-0.1163,-0.0006,-0.1138,-0.0002,4.7447,4.7456,-0.0017,-1.1156
1515179467,1000.000000,-0.1172,-0.0007,-0.1143,-0.0003,4.7470,4.7479,-0.0017,-1.1156
1515179467,1000.000000,-0.1213,-0.0006,-0.1175,-0.0003,4.7472,4.7490,-0.0018,-1.1158
1515179467,1000.000000,-0.1175,-0.0005,-0.1147,-0.0003,4.7465,4.7475,-0.0017,-1.1158
1515179467,1000.000000,-0.1172,-0.0005,-0.1146,-0.0002,4.7473,4.7482,-0.0016,-1.1158
1515179467,1000.000000,-0.1161,-0.0006,-0.1138,-0.0001,4.7485,4.7487,-0.0016,-1.1158
1515179467,1000.000000,-0.1231,-0.0007,-0.1187,-0.0002,4.7453,4.7459,-0.0017,-1.1159
1515179467,1000.000000,-0.1219,-0.0007,-0.1178,-0.0003,4.7462,4.7467,-0.0017,-1.1159
1515179467,1000.000000,-0.1216,-0.0006,-0.1176,-0.0002,4.7478,4.7479,-0.0016,-1.1159
1515179467,1000.000000,-0.1210,-0.0006,-0.1170,-0.0002,4.7473,4.7481,-0.0017,-1.1161
1515179467,1000.000000,-0.1207,-0.0006,-0.1167,-0.0002,4.7473,4.7485,-0.0017,-1.1159
1515179467,1000.000000,-0.1189,-0.0007,-0.1155,-0.0002,4.7468,4.7476,-0.0017,-1.1161
1515179467,1000.000000,-0.1202,-0.0007,-0.1161,-0.0002,4.7472,4.7470,-0.0016,-1.1159
1515179467,1000.000000,-0.1225,-0.0006,-0.1178,-0.0002,4.7456,4.7465,-0.0016,-1.1159
1515179467,1000.000000,-0.1201,-0.0006,-0.1163,-0.0002,4.7462,4.7468,-0.0017,-1.1159
1515179467,1000.000000,-0.1169,-0.0006,-0.1138,-0.0002,4.7461,4.7461,-0.0017,-1.1159
1515179467,1000.000000,-0.1173,-0.0006,-0.1143,-0.0003,4.7452,4.7459,-0.0018,-1.1159
1515179467,1000.000000,-0.1169,-0.0006,-0.1140,-0.0002,4.7465,4.7472,-0.0017,-1.1161
1515179467,1000.000000,-0.1170,-0.0006,-0.1143,-0.0002,4.7465,4.7470,-0.0016,-1.1161
1515179467,1000.000000,-0.1210,-0.0006,-0.1169,-0.0002,4.7481,4.7485,-0.0016,-1.1165
1515179467,1000.000000,-0.1143,-0.0006,-0.1125,-0.0002,4.7479,4.7478,-0.0016,-1.1161
1515179467,1000.000000,-0.1172,-0.0005,-0.1146,-0.0002,4.7485,4.7496,-0.0017,-1.1161
1515179467,1000.000000,-0.1161,-0.0006,-0.1138,-0.0002,4.7482,4.7496,-0.0016,-1.1161
1515179467,1000.000000,-0.1201,-0.0005,-0.1166,-0.0002,4.7479,4.7485,-0.0016,-1.1165
1515179467,1000.000000,-0.1210,-0.0006,-0.1172,-0.0002,4.7476,4.7472,-0.0016,-1.1165
1515179467,1000.000000,-0.1222,-0.0007,-0.1180,-0.0002,4.7467,4.7478,-0.0017,-1.1165
1515179467,1000.000000,-0.1193,-0.0007,-0.1158,-0.0002,4.7473,4.7478,-0.0016,-1.1162
1515179467,1000.000000,-0.1186,-0.0006,-0.1155,-0.0002,4.7467,4.7476,-0.0016,-1.1162
1515179467,1000.000000,-0.1204,-0.0005,-0.1166,-0.0002,4.7462,4.7476,-0.0016,-1.1165
1515179467,1000.000000,-0.1219,-0.0006,-0.1175,-0.0003,4.7468,4.7470,-0.0017,-1.1165
1515179467,1000.000000,-0.1224,-0.0006,-0.1180,-0.0002,4.7459,4.7470,-0.0016,-1.1167
1515179467,1000.000000,-0.1149,-0.0006,-0.1126,-0.0002,4.7461,4.7462,-0.0016,-1.1162
1515179467,1000.000000,-0.1166,-0.0006,-0.1138,-0.0002,4.7456,4.7456,-0.0016,-1.1165
1515179467,1000.000000,-0.1169,-0.0007,-0.1141,-0.0002,4.7462,4.7472,-0.0016,-1.1165
1515179467,1000.000000,-0.1180,-0.0006,-0.1147,-0.0002,4.7458,4.7470,-0.0018,-1.1167
1515179467,1000.000000,-0.1184,-0.0006,-0.1151,-0.0002,4.7472,4.7479,-0.0017,-1.1167
1515179467,1000.000000,-0.1201,-0.0006,-0.1166,-0.0002,4.7461,4.7465,-0.0017,-1.1168
1515179467,1000.000000,-0.1172,-0.0007,-0.1146,-0.0003,4.7488,4.7496,-0.0017,-1.1168
1515179467,1000.000000,-0.1160,-0.0006,-0.1137,-0.0002,4.7481,4.7485,-0.0016,-1.1167
1515179467,1000.000000,-0.1183,-0.0006,-0.1152,-0.0002,4.7487,4.7497,-0.0017,-1.1168
1515179467,1000.000000,-0.1219,-0.0006,-0.1178,-0.0003,4.7476,4.7485,-0.0017,-1.1170
1515179467,1000.000000,-0.1219,-0.0007,-0.1178,-0.0003,4.7479,4.7482,-0.0016,-1.1170
1515179467,1000.000000,-0.1215,-0.0007,-0.1175,-0.0003,4.7481,4.7488,-0.0017,-1.1170
1515179467,1000.000000,-0.1202,-0.0007,-0.1166,-0.0002,4.7482,4.7493,-0.0016,-1.1168
1515179467,1000.000000,-0.1181,-0.0005,-0.1149,-0.0002,4.7467,4.7468,-0.0017,-1.1168
1515179467,1000.000000,-0.1230,-0.0006,-0.1183,-0.0002,4.7462,4.7468,-0.0016,-1.1170
1515179467,1000.000000,-0.1212,-0.0005,-0.1170,-0.0002,4.7458,4.7450,-0.0016,-1.1168
1515179467,1000.000000,-0.1230,-0.0007,-0.1181,-0.0002,4.7461,4.7468,-0.0017,-1.1170
1515179467,1000.000000,-0.1176,-0.0006,-0.1146,-0.0002,4.7456,4.7470,-0.0017,-1.1168
1515179467,1000.000000,-0.1173,-0.0007,-0.1143,-0.0003,4.7461,4.7456,-0.0016,-1.1170
1515179467,1000.000000,-0.1158,-0.0006,-0.1132,-0.0002,4.7473,4.7475,-0.0017,-1.1170
1515179467,1000.000000,-0.1180,-0.0007,-0.1149,-0.0003,4.7456,4.7459,-0.0016,-1.1171
1515179467,1000.000000,-0.1210,-0.0006,-0.1172,-0.0002,4.7478,4.7479,-0.0016,-1.1174
1515179467,1000.000000,-0.1176,-0.0007,-0.1149,-0.0002,4.7476,4.7472,-0.0016,-1.1171
1515179467,1000.000000,-0.1161,-0.0006,-0.1138,-0.0002,4.7470,4.7470,-0.0016,-1.1171
1515179467,1000.000000,-0.1161,-0.0007,-0.1138,-0.0003,4.7467,4.7467,-0.0018,-1.1174
1515179467,1000.000000,-0.1233,-0.0006,-0.1187,-0.0003,4.7462,4.7465,-0.0017,-1.1176
1515179467,1000.000000,-0.1219,-0.0007,-0.1176,-0.0003,4.7467,4.7467,-0.0017,-1.1176
1515179467,1000.000000,-0.1224,-0.0006,-0.1183,-0.0002,4.7452,4.7465,-0.0016,-1.1174
1515179467,1000.000000,-0.1205,-0.0006,-0.1167,-0.0002,4.7462,4.7461,-0.0016,-1.1174
1515179467,1000.000000,-0.1195,-0.0006,-0.1158,-0.0002,4.7485,4.7485,-0.0017,-1.1174
1515179467,1000.000000,-0.1189,-0.0006,-0.1152,-0.0002,4.7537,4.7540,-0.0016,-1.1174
1515179467,1000.000000,-0.1207,-0.0006,-0.1166,-0.0002,4.7548,4.7552,-0.0016,-1.1174
1515179467,1000.000000,-0.1225,-0.0007,-0.1178,-0.0002,4.7531,4.7546,-0.0017,-1.1174
1515179467,1000.000000,-0.1202,-0.0006,-0.1161,-0.0002,4.7542,4.7548,-0.0016,-1.1174
1515179467,1000.000000,-0.1172,-0.0006,-0.1140,-0.0002,4.7539,4.7548,-0.0017,-1.1174
1515179467,1000.000000,-0.1166,-0.0007,-0.1138,-0.0002,4.7562,4.7568,-0.0017,-1.1174
1515179467,1000.000000,-0.1166,-0.0006,-0.1138,-0.0002,4.7546,4.7551,-0.0016,-1.1176
1515179467,1000.000000,-0.1183,-0.0006,-0.1151,-0.0002,4.7560,4.7568,-0.0017,-1.1176
1515179467,1000.000000,-0.1204,-0.0005,-0.1166,-0.0002,4.7589,4.7597,-0.0016,-1.1177
1515179467,1000.000000,-0.1144,-0.0006,-0.1125,-0.0002,4.7578,4.7586,-0.0016,-1.1176
1515179467,1000.000000,-0.1170,-0.0007,-0.1143,-0.0002,4.7554,4.7557,-0.0016,-1.1176
1515179467,1000.000000,-0.1160,-0.0005,-0.1138,-0.0002,4.7562,4.7563,-0.0016,-1.1177
1515179467,1000.000000,-0.1204,-0.0007,-0.1167,-0.0002,4.7562,4.7563,-0.0016,-1.1177
1515179467,1000.000000,-0.1215,-0.0007,-0.1175,-0.0002,4.7543,4.7549,-0.0018,-1.1179
1515179467,1000.000000,-0.1222,-0.0007,-0.1176,-0.0002,4.7546,4.7555,-0.0016,-1.1179
1515179467,1000.000000,-0.1207,-0.0006,-0.1167,-0.0002,4.7554,4.7559,-0.0016,-1.1179
1515179467,1000.000000,-0.1180,-0.0007,-0.1147,-0.0001,4.7542,4.7548,-0.0016,-1.1177
1515179467,1000.000000,-0.1204,-0.0005,-0.1166,-0.0002,4.7548,4.7548,-0.0016,-1.1177
1515179467,1000.000000,-0.1222,-0.0006,-0.1176,-0.0002,4.7530,4.7537,-0.0017,-1.1179
1515179467,1000.000000,-0.1224,-0.0006,-0.1176,-0.0002,4.7542,4.7555,-0.0017,-1.1179
1515179467,1000.000000,-0.1161,-0.0006,-0.1132,-0.0002,4.7551,4.7551,-0.0016,-1.1177
1515179467,1000.000000,-0.1172,-0.0006,-0.1141,-0.0002,4.7552,4.7557,-0.0016,-1.1179
1515179467,1000.000000,-0.1166,-0.0006,-0.1138,-0.0003,4.7559,4.7571,-0.0017,-1.1180
1515179467,1000.000000,-0.1169,-0.0006,-0.1140,-0.0002,4.7569,4.7571,-0.0016,-1.1179
1515179467,1000.000000,-0.1175,-0.0006,-0.1143,-0.0002,4.7563,4.7571,-0.0017,-1.1180
1515179467,1000.000000,-0.1195,-0.0006,-0.1160,-0.0003,4.7554,4.7562,-0.0016,-1.1180
1515179467,1000.000000,-0.1169,-0.0006,-0.1143,-0.0003,4.7559,4.7563,-0.0018,-1.1182
1515179467,1000.000000,-0.1158,-0.0006,-0.1135,-0.0002,4.7559,4.7557,-0.0016,-1.1180
1515179467,1000.000000,-0.1175,-0.0005,-0.1149,-0.0002,4.7549,4.7560,-0.0017,-1.1182
1515179467,1000.000000,-0.1212,-0.0007,-0.1172,-0.0002,4.7549,4.7563,-0.0017,-1.1185
1515179467,1000.000000,-0.1221,-0.0006,-0.1178,-0.0002,4.7563,4.7571,-0.0016,-1.1185
1515179467,1000.000000,-0.1216,-0.0006,-0.1175,-0.0002,4.7546,4.7552,-0.0017,-1.1182
1515179467,1000.000000,-0.1216,-0.0006,-0.1175,-0.0002,4.7548,4.7557,-0.0017,-1.1185
1515179467,1000.000000,-0.1169,-0.0006,-0.1140,-0.0002,4.7546,4.7548,-0.0016,-1.1182
1515179467,1000.000000,-0.1234,-0.0007,-0.1187,-0.0002,4.7557,4.7571,-0.0017,-1.1185
1515179467,1000.000000,-0.1212,-0.0007,-0.1169,-0.0003,4.7543,4.7557,-0.0017,-1.1185
1515179467,1000.000000,-0.1222,-0.0007,-0.1176,-0.0002,4.7549,4.7555,-0.0016,-1.1185
1515179467,1000.000000,-0.1172,-0.0006,-0.1140,-0.0002,4.7549,4.7560,-0.0016,-1.1182
1515179467,1000.000000,-0.1172,-0.0006,-0.1140,-0.0002,4.7554,4.7560,-0.0016,-1.1185
1515179467,1000.000000,-0.1161,-0.0007,-0.1135,-0.0002,4.7552,4.7552,-0.0017,-1.1185
1515179467,1000.000000,-0.1173,-0.0007,-0.1146,-0.0003,4.7554,4.7552,-0.0016,-1.1187
1515179467,1000.000000,-0.1204,-0.0006,-0.1167,-0.0002,4.7577,4.7586,-0.0017,-1.1187
1515179467,1000.000000,-0.1175,-0.0005,-0.1147,-0.0003,4.7571,4.7578,-0.0016,-1.1187
1515179467,1000.000000,-0.1161,-0.0007,-0.1138,-0.0002,4.7577,4.7577,-0.0016,-1.1187
1515179467,1000.000000,-0.1158,-0.0007,-0.1137,-0.0002,4.7562,4.7568,-0.0017,-1.1187
1515179467,1000.000000,-0.1224,-0.0006,-0.1181,-0.0003,4.7549,4.7559,-0.0017,-1.1190
1515179467,1000.000000,-0.1215,-0.0006,-0.1176,-0.0002,4.7546,4.7551,-0.0016,-1.1188
1515179467,1000.000000,-0.1221,-0.0006,-0.1180,-0.0002,4.7549,4.7551,-0.0016,-1.1188
1515179467,1000.000000,-0.1207,-0.0006,-0.1169,-0.0002,4.7549,4.7555,-0.0016,-1.1188
1515179467,1000.000000,-0.1196,-0.0007,-0.1161,-0.0003,4.7533,4.7542,-0.0017,-1.1188
1515179467,1000.000000,-0.1183,-0.0007,-0.1149,-0.0003,4.7534,4.7542,-0.0017,-1.1188
1515179467,1000.000000,-0.1213,-0.0005,-0.1170,-0.0001,4.7548,4.7552,-0.0016,-1.1188
1515179467,1000.000000,-0.1222,-0.0006,-0.1176,-0.0003,4.7543,4.7549,-0.0017,-1.1188
1515179467,1000.000000,-0.1201,-0.0006,-0.1161,-0.0003,4.7568,4.7571,-0.0017,-1.1188
1515179467,1000.000000,-0.1172,-0.0006,-0.1140,-0.0002,4.7542,4.7543,-0.0016,-1.1188
1515179467,1000.000000,-0.1170,-0.0007,-0.1140,-0.0003,4.7562,4.7571,-0.0018,-1.1190
1515179467,1000.000000,-0.1166,-0.0006,-0.1138,-0.0002,4.7554,4.7559,-0.0016,-1.1188
1515179467,1000.000000,-0.1189,-0.0006,-0.1157,-0.0003,4.7546,4.7555,-0.0017,-1.1190
1515179467,1000.000000,-0.1213,-0.0007,-0.1172,-0.0002,4.7568,4.7569,-0.0017,-1.1191
1515179467,1000.000000,-0.1144,-0.0007,-0.1126,-0.0002,4.7552,4.7557,-0.0017,-1.1190
1515179467,1000.000000,-0.1169,-0.0007,-0.1146,-0.0002,4.7554,4.7557,-0.0016,-1.1190
1515179467,1000.000000,-0.1155,-0.0007,-0.1132,-0.0003,4.7557,4.7568,-0.0017,-1.1191
1515179467,1000.000000,-0.1210,-0.0007,-0.1170,-0.0002,4.7560,4.7559,-0.0016,-1.1193
1515179467,1000.000000,-0.1207,-0.0005,-0.1169,-0.0002,4.7546,4.7548,-0.0016,-1.1193
1515179467,1000.000000,-0.1222,-0.0006,-0.1178,-0.0002,4.7551,4.7555,-0.0017,-1.1193
1515179467,1000.000000,-0.1212,-0.0007,-0.1170,-0.0003,4.7563,4.7575,-0.0016,-1.1193
1515179467,1000.000000,-0.1189,-0.0006,-0.1155,-0.0002,4.7540,4.7551,-0.0017,-1.1193
1515179467,1000.000000,-0.1202,-0.0006,-0.1163,-0.0003,4.7552,4.7560,-0.0017,-1.1193
1515179467,1000.000000,-0.1216,-0.0006,-0.1172,-0.0002,4.7546,4.7549,-0.0016,-1.1193
1515179467,1000.000000,-0.1222,-0.0006,-0.1176,-0.0002,4.7563,4.7566,-0.0017,-1.1193
1515179467,1000.000000,-0.1158,-0.0006,-0.1131,-0.0002,4.7574,4.7577,-0.0017,-1.1191
1515179467,1000.000000,-0.1163,-0.0006,-0.1137,-0.0003,4.7571,4.7575,-0.0016,-1.1193
1515179467,1000.000000,-0.1169,-0.0006,-0.1138,-0.0003,4.7566,4.7580,-0.0016,-1.1193
1515179467,1000.000000,-0.1172,-0.0007,-0.1146,-0.0003,4.7552,4.7559,-0.0017,-1.1196
1515179467,1000.000000,-0.1181,-0.0006,-0.1149,-0.0002,4.7562,4.7571,-0.0016,-1.1196
1515179467,1000.000000,-0.1196,-0.0006,-0.1161,-0.0002,4.7551,4.7559,-0.0016,-1.1197
1515179467,1000.000000,-0.1169,-0.0006,-0.1141,-0.0002,4.7559,4.7571,-0.0017,-1.1196
1515179467,1000.000000,-0.1155,-0.0007,-0.1135,-0.0002,4.7562,4.7575,-0.0016,-1.1197
1515179467,1000.000000,-0.1181,-0.0006,-0.1152,-0.0002,4.7548,4.7546,-0.0017,-1.1197
1515179467,1000.000000,-0.1213,-0.0007,-0.1175,-0.0003,4.7546,4.7552,-0.0016,-1.1199
1515179467,1000.000000,-0.1222,-0.0006,-0.1180,-0.0002,4.7537,4.7546,-0.0016,-1.1199
1515179467,1000.000000,-0.1219,-0.0006,-0.1178,-0.0002,4.7552,4.7568,-0.0016,-1.1197
1515179467,1000.000000,-0.1190,-0.0006,-0.1157,-0.0002,4.7554,4.7555,-0.0016,-1.1197
1515179467,1000.000000,-0.1180,-0.0006,-0.1147,-0.0002,4.7534,4.7542,-0.0017,-1.1199
1515179467,1000.000000,-0.1236,-0.0007,-0.1189,-0.0002,4.7496,4.7502,-0.0017,-1.1199
1515179467,1000.000000,-0.1205,-0.0006,-0.1166,-0.0002,4.7548,4.7559,-0.0016,-1.1199
1515179467,1000.000000,-0.1225,-0.0007,-0.1180,-0.0002,4.7552,4.7562,-0.0017,-1.1200
1515179467,1000.000000,-0.1173,-0.0006,-0.1143,-0.0002,4.7543,4.7557,-0.0016,-1.1199
1515179467,1000.000000,-0.1172,-0.0007,-0.1141,-0.0003,4.7549,4.7552,-0.0017,-1.1199
1515179467,1000.000000,-0.1163,-0.0006,-0.1137,-0.0002,4.7549,4.7560,-0.0017,-1.1199
1515179467,1000.000000,-0.1186,-0.0005,-0.1152,-0.0002,4.7551,4.7559,-0.0016,-1.1200
1515179467,1000.000000,-0.1207,-0.0006,-0.1169,-0.0003,4.7554,4.7555,-0.0017,-1.1202
1515179467,1000.000000,-0.1180,-0.0005,-0.1151,-0.0002,4.7563,4.7566,-0.0016,-1.1200
1515179467,1000.000000,-0.1161,-0.0006,-0.1138,-0.0003,4.7571,4.7562,-0.0016,-1.1202
1515179467,1000.000000,-0.1163,-0.0006,-0.1138,-0.0002,4.7569,4.7578,-0.0016,-1.1200
1515179467,1000.000000,-0.1224,-0.0006,-0.1181,-0.0003,4.7548,4.7557,-0.0017,-1.1202
1515179467,1000.000000,-0.1215,-0.0007,-0.1176,-0.0003,4.7572,4.7577,-0.0017,-1.1206
1515179467,1000.000000,-0.1219,-0.0005,-0.1178,-0.0001,4.7549,4.7555,-0.0016,-1.1205
1515179467,1000.000000,-0.1199,-0.0007,-0.1163,-0.0002,4.7559,4.7563,-0.0017,-1.1205
1515179467,1000.000000,-0.1199,-0.0007,-0.1161,-0.0003,4.7559,4.7563,-0.0017,-1.1202
1515179467,1000.000000,-0.1193,-0.0006,-0.1157,-0.0003,4.7554,4.7569,-0.0017,-1.1202
1515179467,1000.000000,-0.1222,-0.0006,-0.1175,-0.0002,4.7542,4.7543,-0.0017,-1.1205
1515179467,1000.000000,-0.1222,-0.0006,-0.1176,-0.0002,4.7566,4.7568,-0.0016,-1.1202
1515179467,1000.000000,-0.1204,-0.0006,-0.1161,-0.0002,4.7554,4.7562,-0.0017,-1.1205
1515179467,1000.000000,-0.1163,-0.0007,-0.1137,-0.0002,4.7519,4.7513,-0.0018,-1.1205
1515179467,1000.000000,-0.1169,-0.0006,-0.1141,-0.0003,4.7470,4.7467,-0.0016,-1.1205
1515179467,1000.000000,-0.1170,-0.0006,-0.1141,-0.0002,4.7470,4.7472,-0.0018,-1.1205
1515179467,1000.000000,-0.1183,-0.0006,-0.1152,-0.0002,4.7462,4.7468,-0.0016,-1.1206
1515179467,1000.000000,-0.1216,-0.0006,-0.1178,-0.0002,4.7468,4.7470,-0.0017,-1.1208
1515179467,1000.000000,-0.1146,-0.0006,-0.1129,-0.0002,4.7465,4.7470,-0.0016,-1.1206
1515179467,1000.000000,-0.1176,-0.0006,-0.1151,-0.0003,4.7452,4.7456,-0.0017,-1.1206
1515179467,1000.000000,-0.1160,-0.0005,-0.1138,-0.0002,4.7456,4.7468,-0.0016,-1.1208
1515179467,1000.000000,-0.1213,-0.0006,-0.1176,-0.0003,4.7465,4.7467,-0.0016,-1.1211
1515179467,1000.000000,-0.1216,-0.0005,-0.1178,-0.0002,4.7470,4.7475,-0.0017,-1.1208
1515179467,1000.000000,-0.1225,-0.0006,-0.1183,-0.0003,4.7467,4.7470,-0.0016,-1.1209
1515179467,1000.000000,-0.1205,-0.0007,-0.1167,-0.0002,4.7468,4.7468,-0.0018,-1.1208
1515179467,1000.000000,-0.1183,-0.0007,-0.1152,-0.0002,4.7462,4.7468,-0.0016,-1.1208
1515179467,1000.000000,-0.1204,-0.0006,-0.1166,-0.0002,4.7468,4.7481,-0.0016,-1.1209
1515179467,1000.000000,-0.1212,-0.0006,-0.1172,-0.0002,4.7456,4.7467,-0.0016,-1.1209
1515179467,1000.000000,-0.1219,-0.0006,-0.1175,-0.0002,4.7468,4.7478,-0.0016,-1.1209
1515179467,1000.000000,-0.1158,-0.0007,-0.1132,-0.0003,4.7453,4.7450,-0.0017,-1.1208
1515179467,1000.000000,-0.1172,-0.0007,-0.1141,-0.0002,4.7465,4.7476,-0.0016,-1.1209
1515179467,1000.000000,-0.1166,-0.0006,-0.1141,-0.0003,4.7461,4.7465,-0.0017,-1.1208
1515179467,1000.000000,-0.1172,-0.0006,-0.1146,-0.0002,4.7473,4.7482,-0.0017,-1.1211
1515179467,1000.000000,-0.1196,-0.0006,-0.1161,-0.0002,4.7485,4.7493,-0.0017,-1.1209
1515179467,1000.000000,-0.1196,-0.0006,-0.1166,-0.0002,4.7481,4.7487,-0.0016,-1.1211
1515179467,1000.000000,-0.1160,-0.0005,-0.1138,-0.0002,4.7468,4.7478,-0.0016,-1.1211
1515179467,1000.000000,-0.1155,-0.0007,-0.1135,-0.0003,4.7485,4.7485,-0.0016,-1.1211
1515179467,1000.000000,-0.1176,-0.0006,-0.1152,-0.0002,4.7470,4.7482,-0.0016,-1.1213
1515179467,1000.000000,-0.1215,-0.0006,-0.1175,-0.0002,4.7476,4.7481,-0.0017,-1.1213
1515179467,1000.000000,-0.1216,-0.0007,-0.1178,-0.0003,4.7456,4.7462,-0.0018,-1.1216
1515179467,1000.000000,-0.1210,-0.0007,-0.1175,-0.0002,4.7476,4.7482,-0.0016,-1.1213
1515179467,1000.000000,-0.1215,-0.0006,-0.1175,-0.0002,4.7453,4.7468,-0.0017,-1.1213
1515179467,1000.000000,-0.1186,-0.0006,-0.1151,-0.0003,4.7456,4.7467,-0.0017,-1.1216
1515179467,1000.000000,-0.1236,-0.0007,-0.1187,-0.0003,4.7467,4.7481,-0.0017,-1.1216
1515179467,1000.000000,-0.1207,-0.0006,-0.1169,-0.0002,4.7465,4.7475,-0.0017,-1.1216
1515179467,1000.000000,-0.1231,-0.0007,-0.1183,-0.0003,4.7465,4.7470,-0.0017,-1.1213
1515179467,1000.000000,-0.1170,-0.0007,-0.1141,-0.0003,4.7449,4.7459,-0.0018,-1.1213
1515179467,1000.000000,-0.1172,-0.0006,-0.1143,-0.0003,4.7459,4.7461,-0.0017,-1.1216
1515179467,1000.000000,-0.1166,-0.0007,-0.1140,-0.0003,4.7470,4.7476,-0.0016,-1.1216
1515179467,1000.000000,-0.1189,-0.0006,-0.1158,-0.0003,4.7459,4.7467,-0.0016,-1.1217
1515179467,1000.000000,-0.1205,-0.0006,-0.1170,-0.0002,4.7456,4.7467,-0.0017,-1.1217
1515179467,1000.000000,-0.1180,-0.0007,-0.1152,-0.0003,4.7468,4.7467,-0.0016,-1.1217
1515179467,1000.000000,-0.1166,-0.0007,-0.1143,-0.0002,4.7481,4.7491,-0.0016,-1.1217
1515179467,1000.000000,-0.1164,-0.0007,-0.1141,-0.0003,4.7478,4.7482,-0.0017,-1.1217
1515179467,1000.000000,-0.1224,-0.0005,-0.1183,-0.0002,4.7467,4.7478,-0.0016,-1.1219
1515179467,1000.000000,-0.1222,-0.0006,-0.1183,-0.0002,4.7478,4.7482,-0.0016,-1.1220
1515179467,1000.000000,-0.1219,-0.0007,-0.1180,-0.0003,4.7465,4.7472,-0.0016,-1.1219
1515179467,1000.000000,-0.1222,-0.0006,-0.1180,-0.0002,4.7459,4.7467,-0.0017,-1.1219
1515179467,1000.000000,-0.1186,-0.0007,-0.1155,-0.0003,4.7462,4.7456,-0.0016,-1.1219
1515179467,1000.000000,-0.1186,-0.0006,-0.1155,-0.0002,4.7465,4.7461,-0.0017,-1.1217
1515179467,1000.000000,-0.1221,-0.0007,-0.1180,-0.0002,4.7459,4.7462,-0.0016,-1.1219
1515179467,1000.000000,-0.1225,-0.0006,-0.1181,-0.0002,4.7461,4.7476,-0.0017,-1.1219
1515179467,1000.000000,-0.1202,-0.0007,-0.1166,-0.0002,4.7461,4.7458,-0.0016,-1.1220
1515179467,1000.000000,-0.1170,-0.0007,-0.1141,-0.0003,4.7468,4.7468,-0.0016,-1.1220
1515179467,1000.000000,-0.1170,-0.0006,-0.1143,-0.0002,4.7476,4.7482,-0.0017,-1.1219
1515179467,1000.000000,-0.1166,-0.0006,-0.1140,-0.0002,4.7478,4.7490,-0.0016,-1.1219
1515179467,1000.000000,-0.1190,-0.0005,-0.1157,-0.0002,4.7468,4.7482,-0.0018,-1.1220
1515179467,1000.000000,-0.1213,-0.0006,-0.1175,-0.0002,4.7487,4.7497,-0.0016,-1.1222
1515179467,1000.000000,-0.1146,-0.0007,-0.1129,-0.0003,4.7476,4.7485,-0.0016,-1.1220
1515179467,1000.000000,-0.1176,-0.0006,-0.1152,-0.0002,4.7468,4.7481,-0.0017,-1.1222
1515179467,1000.000000,-0.1154,-0.0007,-0.1137,-0.0003,4.7472,4.7488,-0.0016,-1.1222
1515179467,1000.000000,-0.1215,-0.0006,-0.1176,-0.0002,4.7470,4.7475,-0.0016,-1.1225
1515179467,1000.000000,-0.1212,-0.0005,-0.1175,-0.0003,4.7452,4.7456,-0.0016,-1.1222
1515179467,1000.000000,-0.1219,-0.0007,-0.1178,-0.0002,4.7452,4.7450,-0.0016,-1.1225
1515179467,1000.000000,-0.1207,-0.0006,-0.1170,-0.0003,4.7467,4.7475,-0.0017,-1.1225
1515179467,1000.000000,-0.1184,-0.0006,-0.1152,-0.0003,4.7459,4.7470,-0.0017,-1.1225
1515179467,1000.000000,-0.1204,-0.0007,-0.1167,-0.0003,4.7456,4.7461,-0.0017,-1.1225
1515179467,1000.000000,-0.1216,-0.0005,-0.1175,-0.0002,4.7450,4.7456,-0.0016,-1.1225
1515179467,1000.000000,-0.1224,-0.0007,-0.1180,-0.0003,4.7459,4.7470,-0.0016,-1.1225
1515179467,1000.000000,-0.1164,-0.0007,-0.1138,-0.0002,4.7458,4.7461,-0.0016,-1.1222
1515179467,1000.000000,-0.1166,-0.0007,-0.1140,-0.0003,4.7456,4.7461,-0.0017,-1.1222
1515179467,1000.000000,-0.1169,-0.0006,-0.1141,-0.0002,4.7465,4.7467,-0.0017,-1.1225
1515179467,1000.000000,-0.1175,-0.0007,-0.1147,-0.0003,4.7459,4.7461,-0.0017,-1.1226
1515179467,1000.000000,-0.1181,-0.0006,-0.1151,-0.0003,4.7462,4.7470,-0.0016,-1.1226
1515179467,1000.000000,-0.1202,-0.0006,-0.1169,-0.0002,4.7470,4.7476,-0.0016,-1.1228
1515179467,1000.000000,-0.1163,-0.0006,-0.1141,-0.0002,4.7476,4.7485,-0.0017,-1.1226
1515179467,1000.000000,-0.1161,-0.0007,-0.1138,-0.0002,4.7478,4.7481,-0.0016,-1.1228
1515179467,1000.000000,-0.1173,-0.0006,-0.1149,-0.0002,4.7461,4.7470,-0.0016,-1.1228
1515179467,1000.000000,-0.1212,-0.0006,-0.1175,-0.0002,4.7465,4.7470,-0.0016,-1.1228
1515179467,1000.000000,-0.1224,-0.0007,-0.1183,-0.0003,4.7449,4.7447,-0.0017,-1.1229
1515179467,1000.000000,-0.1216,-0.0006,-0.1175,-0.0002,4.7462,4.7470,-0.0016,-1.1229
1515179467,1000.000000,-0.1186,-0.0007,-0.1155,-0.0002,4.7443,4.7447,-0.0016,-1.1228
1515179467,1000.000000,-0.1173,-0.0006,-0.1146,-0.0003,4.7447,4.7450,-0.0017,-1.1228
1515179467,1000.000000,-0.1231,-0.0007,-0.1186,-0.0002,4.7452,4.7455,-0.0017,-1.1229
1515179467,1000.000000,-0.1210,-0.0007,-0.1169,-0.0003,4.7468,4.7468,-0.0017,-1.1228
1515179467,1000.000000,-0.1230,-0.0005,-0.1181,-0.0002,4.7456,4.7465,-0.0017,-1.1231
1515179467,1000.000000,-0.1161,-0.0007,-0.1137,-0.0003,4.7478,4.7478,-0.0018,-1.1228
1515179467,1000.000000,-0.1172,-0.0007,-0.1143,-0.0003,4.7470,4.7475,-0.0017,-1.1229
1515179467,1000.000000,-0.1158,-0.0006,-0.1132,-0.0002,4.7485,4.7485,-0.0017,-1.1229
1515179467,1000.000000,-0.1175,-0.0006,-0.1147,-0.0002,4.7473,4.7476,-0.0017,-1.1229
1515179467,1000.000000,-0.1204,-0.0007,-0.1169,-0.0002,4.7468,4.7478,-0.0018,-1.1231
1515179467,1000.000000,-0.1181,-0.0006,-0.1155,-0.0002,4.7467,4.7475,-0.0017,-1.1231
1515179467,1000.000000,-0.1169,-0.0006,-0.1146,-0.0002,4.7485,4.7487,-0.0016,-1.1231
1515179467,1000.000000,-0.1164,-0.0007,-0.1141,-0.0002,4.7452,4.7465,-0.0018,-1.1231
1515179467,1000.000000,-0.1225,-0.0006,-0.1183,-0.0002,4.7453,4.7461,-0.0018,-1.1232
1515179467,1000.000000,-0.1221,-0.0007,-0.1183,-0.0002,4.7479,4.7490,-0.0016,-1.1232
1515179467,1000.000000,-0.1221,-0.0006,-0.1180,-0.0002,4.7465,4.7468,-0.0016,-1.1232
1515179467,1000.000000,-0.1210,-0.0007,-0.1172,-0.0002,4.7461,4.7467,-0.0017,-1.1232
1515179467,1000.000000,-0.1207,-0.0005,-0.1169,-0.0002,4.7439,4.7456,-0.0016,-1.1232
1515179467,1000.000000,-0.1190,-0.0006,-0.1158,-0.0002,4.7449,4.7461,-0.0016,-1.1232
1515179467,1000.000000,-0.1224,-0.0006,-0.1180,-0.0003,4.7452,4.7461,-0.0016,-1.1231
1515179467,1000.000000,-0.1224,-0.0005,-0.1180,-0.0002,4.7432,4.7439,-0.0016,-1.1235
1515179467,1000.000000,-0.1205,-0.0006,-0.1167,-0.0002,4.7468,4.7467,-0.0016,-1.1232
1515179467,1000.000000,-0.1180,-0.0007,-0.1149,-0.0003,4.7461,4.7475,-0.0016,-1.1232
1515179467,1000.000000,-0.1164,-0.0007,-0.1138,-0.0004,4.7473,4.7485,-0.0017,-1.1235
1515179467,1000.000000,-0.1166,-0.0006,-0.1141,-0.0003,4.7487,4.7490,-0.0016,-1.1235
1515179467,1000.000000,-0.1176,-0.0006,-0.1151,-0.0002,4.7467,4.7465,-0.0017,-1.1235
1515179467,1000.000000,-0.1221,-0.0006,-0.1181,-0.0002,4.7482,4.7488,-0.0016,-1.1237
1515179467,1000.000000,-0.1151,-0.0007,-0.1129,-0.0002,4.7563,4.7560,-0.0017,-1.1235
1515179467,1000.000000,-0.1176,-0.0006,-0.1151,-0.0002,4.7549,4.7559,-0.0016,-1.1235
1515179467,1000.000000,-0.1154,-0.0007,-0.1137,-0.0003,4.7559,4.7562,-0.0016,-1.1235
1515179467,1000.000000,-0.1215,-0.0007,-0.1176,-0.0003,4.7557,4.7559,-0.0017,-1.1238
1515179467,1000.000000,-0.1219,-0.0006,-0.1178,-0.0002,4.7554,4.7566,-0.0017,-1.1238
1515179467,1000.000000,-0.1227,-0.0007,-0.1183,-0.0002,4.7543,4.7548,-0.0017,-1.1238
1515179467,1000.000000,-0.1199,-0.0006,-0.1163,-0.0002,4.7552,4.7552,-0.0016,-1.1238
1515179467,1000.000000,-0.1193,-0.0006,-0.1160,-0.0002,4.7549,4.7562,-0.0017,-1.1237
1515179467,1000.000000,-0.1202,-0.0007,-0.1163,-0.0003,4.7560,4.7571,-0.0018,-1.1238
1515179467,1000.000000,-0.1215,-0.0007,-0.1172,-0.0002,4.7559,4.7571,-0.0017,-1.1238
1515179467,1000.000000,-0.1224,-0.0006,-0.1178,-0.0002,4.7568,4.7571,-0.0017,-1.1238
1515179467,1000.000000,-0.1160,-0.0007,-0.1132,-0.0003,4.7581,4.7580,-0.0017,-1.1237
1515179467,1000.000000,-0.1172,-0.0007,-0.1141,-0.0002,4.7572,4.7583,-0.0017,-1.1237
1515179467,1000.000000,-0.1164,-0.0007,-0.1138,-0.0002,4.7563,4.7566,-0.0016,-1.1238
1515179467,1000.000000,-0.1166,-0.0006,-0.1140,-0.0002,4.7551,4.7560,-0.0016,-1.1238
1515179467,1000.000000,-0.1180,-0.0007,-0.1151,-0.0003,4.7549,4.7551,-0.0016,-1.1238
1515179467,1000.000000,-0.1193,-0.0006,-0.1160,-0.0003,4.7562,4.7563,-0.0016,-1.1238
1515179467,1000.000000,-0.1154,-0.0006,-0.1135,-0.0003,4.7566,4.7572,-0.0017,-1.1238
1515179467,1000.000000,-0.1163,-0.0006,-0.1140,-0.0003,4.7546,4.7555,-0.0016,-1.1240
1515179467,1000.000000,-0.1173,-0.0007,-0.1146,-0.0002,4.7551,4.7566,-0.0016,-1.1241
1515179467,1000.000000,-0.1204,-0.0006,-0.1169,-0.0002,4.7568,4.7571,-0.0016,-1.1243
1515179467,1000.000000,-0.1221,-0.0006,-0.1180,-0.0002,4.7549,4.7555,-0.0016,-1.1241
1515179467,1000.000000,-0.1215,-0.0006,-0.1175,-0.0002,4.7539,4.7549,-0.0016,-1.1243
1515179467,1000.000000,-0.1215,-0.0006,-0.1176,-0.0002,4.7543,4.7555,-0.0017,-1.1241
1515179467,1000.000000,-0.1172,-0.0007,-0.1141,-0.0003,4.7552,4.7562,-0.0016,-1.1240
1515179467,1000.000000,-0.1233,-0.0007,-0.1186,-0.0002,4.7540,4.7542,-0.0017,-1.1243
1515179467,1000.000000,-0.1210,-0.0006,-0.1169,-0.0001,4.7543,4.7551,-0.0016,-1.1243
1515179467,1000.000000,-0.1231,-0.0007,-0.1183,-0.0003,4.7546,4.7555,-0.0017,-1.1243
1515179467,1000.000000,-0.1169,-0.0007,-0.1138,-0.0003,4.7552,4.7566,-0.0017,-1.1243
1515179467,1000.000000,-0.1173,-0.0005,-0.1141,-0.0002,4.7566,4.7569,-0.0017,-1.1241
1515179467,1000.000000,-0.1163,-0.0007,-0.1137,-0.0003,4.7588,4.7600,-0.0016,-1.1243
1515179467,1000.000000,-0.1173,-0.0006,-0.1143,-0.0002,4.7563,4.7566,-0.0016,-1.1243
1515179467,1000.000000,-0.1202,-0.0007,-0.1166,-0.0003,4.7554,4.7566,-0.0017,-1.1246
1515179467,1000.000000,-0.1189,-0.0006,-0.1155,-0.0003,4.7543,4.7546,-0.0017,-1.1246
1515179467,1000.000000,-0.1173,-0.0007,-0.1147,-0.0003,4.7560,4.7563,-0.0017,-1.1246
1515179467,1000.000000,-0.1163,-0.0007,-0.1141,-0.0002,4.7552,4.7568,-0.0017,-1.1246
1515179467,1000.000000,-0.1219,-0.0006,-0.1180,-0.0002,4.7552,4.7552,-0.0016,-1.1248
1515179467,1000.000000,-0.1222,-0.0006,-0.1181,-0.0002,4.7552,4.7566,-0.0016,-1.1248
1515179467,1000.000000,-0.1219,-0.0007,-0.1178,-0.0003,4.7543,4.7542,-0.0016,-1.1246
1515179467,1000.000000,-0.1210,-0.0007,-0.1170,-0.0003,4.7562,4.7563,-0.0016,-1.1248
1515179467,1000.000000,-0.1196,-0.0005,-0.1160,-0.0002,4.7562,4.7566,-0.0016,-1.1246
1515179467,1000.000000,-0.1180,-0.0006,-0.1149,-0.0002,4.7563,4.7569,-0.0016,-1.1248
1515179467,1000.000000,-0.1231,-0.0006,-0.1183,-0.0002,4.7580,4.7589,-0.0016,-1.1249
1515179467,1000.000000,-0.1224,-0.0007,-0.1178,-0.0004,4.7548,4.7552,-0.0018,-1.1249
1515179467,1000.000000,-0.1213,-0.0006,-0.1170,-0.0003,4.7554,4.7562,-0.0018,-1.1248
1515179467,1000.000000,-0.1180,-0.0006,-0.1146,-0.0003,4.7549,4.7551,-0.0017,-1.1248
1515179467,1000.000000,-0.1173,-0.0006,-0.1146,-0.0002,4.7559,4.7575,-0.0016,-1.1248
1515179467,1000.000000,-0.1172,-0.0005,-0.1143,-0.0003,4.7560,4.7571,-0.0017,-1.1248
1515179467,1000.000000,-0.1193,-0.0006,-0.1160,-0.0002,4.7554,4.7562,-0.0017,-1.1251
1515179467,1000.000000,-0.1212,-0.0005,-0.1172,-0.0002,4.7557,4.7566,-0.0017,-1.1251
1515179467,1000.000000,-0.1155,-0.0006,-0.1132,-0.0002,4.7551,4.7552,-0.0016,-1.1249
1515179467,1000.000000,-0.1163,-0.0006,-0.1141,-0.0002,4.7559,4.7569,-0.0016,-1.1251
1515179467,1000.000000,-0.1160,-0.0007,-0.1138,-0.0002,4.7552,4.7559,-0.0016,-1.1251
1515179467,1000.000000,-0.1219,-0.0006,-0.1180,-0.0002,4.7542,4.7539,-0.0016,-1.1252
1515179467,1000.000000,-0.1221,-0.0007,-0.1180,-0.0002,4.7526,4.7539,-0.0016,-1.1252
1515179467,1000.000000,-0.1231,-0.0006,-0.1187,-0.0002,4.7533,4.7536,-0.0017,-1.1252
1515179467,1000.000000,-0.1201,-0.0006,-0.1166,-0.0002,4.7546,4.7555,-0.0016,-1.1252
1515179467,1000.000000,-0.1181,-0.0007,-0.1149,-0.0002,4.7539,4.7540,-0.0016,-1.1252
1515179467,1000.000000,-0.1193,-0.0006,-0.1158,-0.0002,4.7543,4.7546,-0.0016,-1.1252
1515179467,1000.000000,-0.1205,-0.0006,-0.1163,-0.0002,4.7566,4.7569,-0.0016,-1.1252
1515179467,1000.000000,-0.1224,-0.0006,-0.1178,-0.0002,4.7549,4.7549,-0.0016,-1.1255
1515179467,1000.000000,-0.1169,-0.0006,-0.1138,-0.0002,4.7554,4.7559,-0.0016,-1.1251
1515179467,1000.000000,-0.1166,-0.0006,-0.1138,-0.0002,4.7554,4.7560,-0.0016,-1.1251
1515179467,1000.000000,-0.1166,-0.0005,-0.1138,-0.0002,4.7569,4.7578,-0.0017,-1.1251
1515179467,1000.000000,-0.1173,-0.0007,-0.1146,-0.0003,4.7546,4.7549,-0.0017,-1.1255
1515179467,1000.000000,-0.1201,-0.0007,-0.1166,-0.0002,4.7552,4.7568,-0.0017,-1.1255
1515179467,1000.000000,-0.1199,-0.0006,-0.1166,-0.0003,4.7559,4.7557,-0.0017,-1.1257
1515179467,1000.000000,-0.1152,-0.0006,-0.1132,-0.0002,4.7554,4.7568,-0.0018,-1.1257
1515179467,1000.000000,-0.1161,-0.0007,-0.1138,-0.0002,4.7568,4.7572,-0.0016,-1.1255
1515179467,1000.000000,-0.1173,-0.0006,-0.1147,-0.0002,4.7562,4.7571,-0.0018,-1.1257
1515179467,1000.000000,-0.1210,-0.0005,-0.1175,-0.0001,4.7554,4.7569,-0.0017,-1.1258
1515179467,1000.000000,-0.1213,-0.0007,-0.1175,-0.0003,4.7571,4.7575,-0.0018,-1.1257
1515179467,1000.000000,-0.1222,-0.0006,-0.1178,-0.0002,4.7546,4.7555,-0.0016,-1.1258
1515179467,1000.000000,-0.1195,-0.0006,-0.1160,-0.0002,4.7562,4.7563,-0.0016,-1.1258
1515179467,1000.000000,-0.1180,-0.0008,-0.1149,-0.0003,4.7549,4.7562,-0.0018,-1.1257
1515179467,1000.000000,-0.1224,-0.0006,-0.1180,-0.0002,4.7542,4.7546,-0.0017,-1.1258
1515179467,1000.000000,-0.1219,-0.0007,-0.1176,-0.0002,4.7549,4.7557,-0.0017,-1.1258
1515179467,1000.000000,-0.1225,-0.0006,-0.1178,-0.0002,4.7562,4.7571,-0.0016,-1.1258
1515179467,1000.000000,-0.1169,-0.0007,-0.1140,-0.0003,4.7552,4.7562,-0.0019,-1.1258
1515179467,1000.000000,-0.1169,-0.0007,-0.1141,-0.0003,4.7560,4.7566,-0.0016,-1.1257
1515179467,1000.000000,-0.1158,-0.0007,-0.1135,-0.0002,4.7563,4.7571,-0.0017,-1.1258
1515179467,1000.000000,-0.1183,-0.0006,-0.1151,-0.0002,4.7557,4.7563,-0.0016,-1.1258
1515179467,1000.000000,-0.1204,-0.0007,-0.1166,-0.0002,4.7563,4.7562,-0.0016,-1.1260
1515179467,1000.000000,-0.1181,-0.0006,-0.1152,-0.0002,4.7552,4.7552,-0.0017,-1.1260
1515179467,1000.000000,-0.1184,-0.0006,-0.1155,-0.0002,4.7549,4.7551,-0.0018,-1.1261
1515179467,1000.000000,-0.1163,-0.0007,-0.1138,-0.0002,4.7548,4.7551,-0.0016,-1.1260
1515179467,1000.000000,-0.1212,-0.0007,-0.1176,-0.0003,4.7543,4.7540,-0.0016,-1.1261
1515179467,1000.000000,-0.1224,-0.0007,-0.1181,-0.0003,4.7537,4.7540,-0.0017,-1.1263
1515179467,1000.000000,-0.1225,-0.0006,-0.1183,-0.0002,4.7528,4.7536,-0.0017,-1.1266
1515179467,1000.000000,-0.1210,-0.0007,-0.1170,-0.0003,4.7549,4.7560,-0.0017,-1.1263
1515179467,1000.000000,-0.1205,-0.0006,-0.1169,-0.0001,4.7551,4.7559,-0.0017,-1.1261
1515179467,1000.000000,-0.1181,-0.0006,-0.1147,-0.0002,4.7554,4.7566,-0.0016,-1.1261
1515179467,1000.000000,-0.1233,-0.0007,-0.1186,-0.0003,4.7552,4.7562,-0.0017,-1.1261
1515179467,1000.000000,-0.1222,-0.0006,-0.1178,-0.0003,4.7563,4.7575,-0.0017,-1.1261
1515179467,1000.000000,-0.1212,-0.0006,-0.1169,-0.0002,4.7562,4.7575,-0.0016,-1.1263
1515179467,1000.000000,-0.1173,-0.0006,-0.1141,-0.0002,4.7554,4.7563,-0.0017,-1.1263
1515179467,1000.000000,-0.1169,-0.0007,-0.1140,-0.0002,4.7571,4.7569,-0.0016,-1.1261
1515179467,1000.000000,-0.1164,-0.0006,-0.1138,-0.0002,4.7559,4.7557,-0.0016,-1.1263
1515179467,1000.000000,-0.1158,-0.0006,-0.1135,-0.0003,4.7569,4.7566,-0.0016,-1.1263
1515179467,1000.000000,-0.1222,-0.0006,-0.1180,-0.0002,4.7552,4.7559,-0.0017,-1.1266
1515179467,1000.000000,-0.1160,-0.0007,-0.1137,-0.0002,4.7563,4.7577,-0.0017,-1.1266
1515179467,1000.000000,-0.1169,-0.0006,-0.1143,-0.0002,4.7568,4.7569,-0.0016,-1.1267
1515179467,1000.000000,-0.1160,-0.0007,-0.1138,-0.0002,4.7571,4.7583,-0.0017,-1.1266
1515179467,1000.000000,-0.1222,-0.0006,-0.1181,-0.0002,4.7563,4.7569,-0.0016,-1.1267
1515179467,1000.000000,-0.1216,-0.0006,-0.1178,-0.0003,4.7552,4.7555,-0.0016,-1.1269
1515179467,1000.000000,-0.1230,-0.0007,-0.1187,-0.0003,4.7456,4.7461,-0.0017,-1.1269
1515179467,1000.000000,-0.1196,-0.0007,-0.1163,-0.0003,4.7470,4.7470,-0.0016,-1.1269
1515179467,1000.000000,-0.1180,-0.0006,-0.1149,-0.0003,4.7465,4.7462,-0.0017,-1.1267
1515179467,1000.000000,-0.1204,-0.0006,-0.1166,-0.0002,4.7452,4.7450,-0.0017,-1.1267
1515179467,1000.000000,-0.1210,-0.0006,-0.1170,-0.0002,4.7447,4.7452,-0.0017,-1.1269
1515179467,1000.000000,-0.1224,-0.0006,-0.1180,-0.0003,4.7449,4.7450,-0.0017,-1.1269
1515179467,1000.000000,-0.1166,-0.0007,-0.1140,-0.0002,4.7461,4.7468,-0.0016,-1.1267
1515179467,1000.000000,-0.1163,-0.0006,-0.1137,-0.0002,4.7479,4.7482,-0.0016,-1.1267
1515179467,1000.000000,-0.1164,-0.0007,-0.1138,-0.0003,4.7481,4.7479,-0.0017,-1.1269
1515179467,1000.000000,-0.1175,-0.0007,-0.1146,-0.0003,4.7465,4.7468,-0.0017,-1.1270
1515179467,1000.000000,-0.1184,-0.0007,-0.1155,-0.0003,4.7465,4.7472,-0.0017,-1.1270
1515179467,1000.000000,-0.1196,-0.0006,-0.1166,-0.0002,4.7479,4.7481,-0.0016,-1.1270
1515179467,1000.000000,-0.1152,-0.0006,-0.1132,-0.0002,4.7465,4.7478,-0.0017,-1.1270
1515179467,1000.000000,-0.1163,-0.0007,-0.1143,-0.0003,4.7459,4.7461,-0.0017,-1.1270
1515179467,1000.000000,-0.1172,-0.0006,-0.1149,-0.0002,4.7452,4.7456,-0.0018,-1.1272
1515179467,1000.000000,-0.1212,-0.0007,-0.1176,-0.0003,4.7452,4.7461,-0.0017,-1.1274
1515179467,1000.000000,-0.1219,-0.0006,-0.1180,-0.0003,4.7465,4.7465,-0.0017,-1.1272
1515179467,1000.000000,-0.1215,-0.0007,-0.1178,-0.0003,4.7453,4.7449,-0.0017,-1.1274
1515179467,1000.000000,-0.1195,-0.0006,-0.1160,-0.0003,4.7476,4.7485,-0.0017,-1.1272
1515179467,1000.000000,-0.1169,-0.0007,-0.1141,-0.0003,4.7462,4.7462,-0.0016,-1.1270
1515179467,1000.000000,-0.1227,-0.0007,-0.1183,-0.0003,4.7465,4.7468,-0.0018,-1.1274
1515179467,1000.000000,-0.1212,-0.0005,-0.1170,-0.0002,4.7462,4.7465,-0.0016,-1.1272
1515179467,1000.000000,-0.1230,-0.0007,-0.1183,-0.0002,4.7459,4.7467,-0.0016,-1.1274
1515179467,1000.000000,-0.1163,-0.0006,-0.1138,-0.0003,4.7458,4.7459,-0.0017,-1.1272
1515179467,1000.000000,-0.1173,-0.0005,-0.1146,-0.0002,4.7476,4.7485,-0.0016,-1.1272
1515179467,1000.000000,-0.1164,-0.0007,-0.1140,-0.0003,4.7479,4.7487,-0.0018,-1.1274
1515179467,1000.000000,-0.1183,-0.0006,-0.1155,-0.0003,4.7499,4.7501,-0.0017,-1.1274
1515179467,1000.000000,-0.1190,-0.0007,-0.1160,-0.0002,4.7478,4.7485,-0.0017,-1.1277
1515179467,1000.000000,-0.1184,-0.0006,-0.1157,-0.0002,4.7476,4.7479,-0.0016,-1.1278
1515179467,1000.000000,-0.1176,-0.0007,-0.1152,-0.0002,4.7462,4.7467,-0.0016,-1.1277
1515179467,1000.000000,-0.1158,-0.0006,-0.1140,-0.0002,4.7429,4.7441,-0.0017,-1.1277
1515179467,1000.000000,-0.1215,-0.0007,-0.1178,-0.0002,4.7468,4.7476,-0.0017,-1.1278
1515179467,1000.000000,-0.1222,-0.0007,-0.1183,-0.0003,4.7468,4.7465,-0.0017,-1.1280
1515179467,1000.000000,-0.1222,-0.0006,-0.1183,-0.0002,4.7459,4.7468,-0.0016,-1.1278
1515179467,1000.000000,-0.1221,-0.0006,-0.1181,-0.0002,4.7453,4.7470,-0.0016,-1.1280
1515179467,1000.000000,-0.1183,-0.0006,-0.1152,-0.0002,4.7452,4.7447,-0.0016,-1.1278
1515179467,1000.000000,-0.1186,-0.0006,-0.1155,-0.0002,4.7473,4.7481,-0.0016,-1.1277
1515179467,1000.000000,-0.1231,-0.0006,-0.1183,-0.0002,4.7458,4.7465,-0.0016,-1.1280
1515179467,1000.000000,-0.1221,-0.0006,-0.1176,-0.0002,4.7472,4.7472,-0.0017,-1.1278
1515179467,1000.000000,-0.1213,-0.0006,-0.1172,-0.0002,4.7479,4.7488,-0.0017,-1.1278
1515179467,1000.000000,-0.1176,-0.0006,-0.1149,-0.0003,4.7470,4.7472,-0.0017,-1.1277
1515179467,1000.000000,-0.1175,-0.0006,-0.1147,-0.0002,4.7462,4.7470,-0.0016,-1.1278
1515179467,1000.000000,-0.1175,-0.0007,-0.1147,-0.0003,4.7459,4.7467,-0.0017,-1.1278
1515179467,1000.000000,-0.1192,-0.0006,-0.1160,-0.0003,4.7458,4.7470,-0.0017,-1.1280
1515179467,1000.000000,-0.1221,-0.0006,-0.1181,-0.0003,4.7462,4.7476,-0.0018,-1.1281
1515179467,1000.000000,-0.1158,-0.0006,-0.1137,-0.0002,4.7458,4.7465,-0.0016,-1.1280
1515179467,1000.000000,-0.1176,-0.0007,-0.1152,-0.0003,4.7452,4.7461,-0.0017,-1.1281
1515179467,1000.000000,-0.1166,-0.0007,-0.1143,-0.0003,4.7462,4.7462,-0.0017,-1.1281
1515179467,1000.000000,-0.1222,-0.0007,-0.1183,-0.0002,4.7473,4.7478,-0.0016,-1.1283
1515179467,1000.000000,-0.1213,-0.0007,-0.1178,-0.0003,4.7473,4.7488,-0.0016,-1.1281
1515179467,1000.000000,-0.1222,-0.0006,-0.1181,-0.0002,4.7459,4.7456,-0.0016,-1.1283
1515179467,1000.000000,-0.1219,-0.0007,-0.1180,-0.0002,4.7449,4.7462,-0.0017,-1.1283
1515179467,1000.000000,-0.1181,-0.0007,-0.1149,-0.0002,4.7465,4.7468,-0.0016,-1.1281
1515179467,1000.000000,-0.1199,-0.0007,-0.1163,-0.0003,4.7450,4.7449,-0.0017,-1.1281
1515179467,1000.000000,-0.1202,-0.0005,-0.1166,-0.0002,4.7479,4.7490,-0.0016,-1.1283
1515179467,1000.000000,-0.1227,-0.0006,-0.1180,-0.0002,4.7478,4.7488,-0.0016,-1.1283
1515179467,1000.000000,-0.1170,-0.0007,-0.1141,-0.0003,4.7497,4.7497,-0.0016,-1.1281
