1566595121,1000.000000,325,1000, 0,0.1106,0.0052,0.0060,0.0055,0,0.0, 1,0.1731,0.0005,0.0015,0.0010,0,0.0, 2,0.1170,0.0056,0.0063,0.0058,0,0.0, 3,0.2955,0.0013,0.0020,0.0017,0,0.0, 4,4.7302,4.7194,4.7452,4.7302,0,0.0, 5,4.7308,4.7191,4.7459,4.7308,0,0.0, 6,24.0730,0.2393,0.2420,0.2407,0,0.0, 7,-1.0784,-1.0839,-1.0730,-1.0784,0,0.0
1566595124,1000.000000,320,1000, 0,0.1105,0.0053,0.0060,0.0055,0,0.0, 1,0.1713,0.0006,0.0015,0.0010,0,0.0, 2,0.1172,0.0055,0.0063,0.0059,0,0.0, 3,0.2952,0.0014,0.0020,0.0017,0,0.0, 4,4.7311,4.7226,4.7526,4.7311,0,0.0, 5,4.7317,4.7226,4.7540,4.7317,0,0.0, 6,24.0246,0.2388,0.2416,0.2402,0,0.0, 7,-1.1111,-1.1156,-1.1064,-1.1111,0,0.0
1566595127,1000.000000,315,1000, 0,0.1106,0.0052,0.0060,0.0055,0,0.0, 1,0.1706,0.0005,0.0015,0.0010,0,0.0, 2,0.1172,0.0055,0.0063,0.0059,0,0.0, 3,0.2948,0.0014,0.0020,0.0017,0,0.0, 4,4.7302,4.7194,4.7453,4.7302,0,0.0, 5,4.7308,4.7186,4.7456,4.7308,0,0.0, 6,24.0075,0.2390,0.2412,0.2401,0,0.0, 7,-1.1423,-1.1473,-1.1371,-1.1423,0,0.0
1566595130,1000.000000,310,1000, 0,0.1107,0.0052,0.0061,0.0055,0,0.0, 1,0.1716,0.0005,0.0015,0.0010,0,0.0, 2,0.1171,0.0055,0.0064,0.0059,0,0.0, 3,0.2947,0.0013,0.0020,0.0017,0,0.0, 4,4.7304,4.7205,4.7465,4.7304,0,0.0, 5,4.7310,4.7211,4.7478,4.7310,0,0.0, 6,23.9858,0.2388,0.2407,0.2399,0,0.0, 7,-1.1701,-1.1751,-1.1650,-1.1701,0,0.0
1566595133,1000.000000,305,1000, 0,0.1106,0.0052,0.0060,0.0055,0,0.0, 1,0.1693,0.0005,0.0015,0.0010,0,0.0, 2,0.1173,0.0055,0.0063,0.0059,0,0.0, 3,0.2956,0.0014,0.0020,0.0017,0,0.0, 4,4.7306,4.7217,4.7479,4.7306,0,0.0, 5,4.7313,4.7214,4.7490,4.7313,0,0.0, 6,23.9622,0.2385,0.2410,0.2396,0,0.0, 7,-1.1999,-1.2047,-1.1954,-1.1999,0,0.0
1566595136,1000.000000,300,1000, 0,0.1106,0.0053,0.0060,0.0055,0,0.0, 1,0.1720,0.0005,0.0015,0.0010,0,0.0, 2,0.1173,0.0056,0.0063,0.0059,0,0.0, 3,0.2953,0.0014,0.0020,0.0017,0,0.0, 4,4.7301,4.7198,4.7415,4.7301,0,0.0, 5,4.7307,4.7197,4.7427,4.7307,0,0.0, 6,23.9621,0.2380,0.2409,0.2396,0,0.0, 7,-1.2264,-1.2319,-1.2210,-1.2264,0,0.0
1566595139,1000.000000,295,1000, 0,0.1106,0.0053,0.0060,0.0055,0,0.0, 1,0.1721,0.0006,0.0015,0.0010,0,0.0, 2,0.1172,0.0056,0.0063,0.0059,0,0.0, 3,0.2962,0.0013,0.0021,0.0017,0,0.0, 4,4.7302,4.7203,4.7438,4.7302,0,0.0, 5,4.7308,4.7211,4.7441,4.7308,0,0.0, 6,23.9298,0.2382,0.2401,0.2393,0,0.0, 7,-1.2523,-1.2566,-1.2481,-1.2523,0,0.0
1566595142,1000.000000,290,1000, 0,0.1104,0.0053,0.0060,0.0055,0,0.0, 1,0.1718,0.0006,0.0015,0.0010,0,0.0, 2,0.1173,0.0056,0.0063,0.0059,0,0.0, 3,0.2970,0.0014,0.0021,0.0017,0,0.0, 4,4.7304,4.7208,4.7458,4.7304,0,0.0, 5,4.7310,4.7211,4.7465,4.7310,0,0.0, 6,24.0403,0.2384,0.2436,0.2404,0,0.0, 7,-1.2794,-1.2836,-1.2755,-1.2794,0,0.0
1566595145,1000.000000,285,1000, 0,0.1105,0.0052,0.0060,0.0055,0,0.0, 1,0.1729,0.0005,0.0014,0.0010,0,0.0, 2,0.1171,0.0056,0.0063,0.0059,0,0.0, 3,0.2957,0.0013,0.0020,0.0017,0,0.0, 4,4.7303,4.7174,4.7481,4.7303,0,0.0, 5,4.7309,4.7176,4.7493,4.7309,0,0.0, 6,23.9225,0.2377,0.2405,0.2392,0,0.0, 7,-1.3022,-1.3063,-1.2980,-1.3022,0,0.0
1566595148,1000.000000,280,1000, 0,0.1106,0.0052,0.0060,0.0055,0,0.0, 1,0.1704,0.0006,0.0015,0.0010,0,0.0, 2,0.1173,0.0056,0.0064,0.0059,0,0.0, 3,0.2960,0.0014,0.0020,0.0017,0,0.0, 4,4.7300,4.7186,4.7450,4.7300,0,0.0, 5,4.7305,4.7185,4.7459,4.7305,0,0.0, 6,23.9459,0.2377,0.2407,0.2395,0,0.0, 7,-1.3275,-1.3314,-1.3236,-1.3275,0,0.0
1566595151,1000.000000,275,1000, 0,0.1106,0.0052,0.0060,0.0055,0,0.0, 1,0.1712,0.0005,0.0015,0.0010,0,0.0, 2,0.1172,0.0056,0.0063,0.0059,0,0.0, 3,0.2957,0.0013,0.0021,0.0017,0,0.0, 4,4.7303,4.7195,4.7462,4.7303,0,0.0, 5,4.7308,4.7197,4.7470,4.7308,0,0.0, 6,23.9165,0.2377,0.2406,0.2392,0,0.0, 7,-1.3489,-1.3529,-1.3450,-1.3489,0,0.0
1566595154,1000.000000,270,1000, 0,0.1105,0.0052,0.0060,0.0055,0,0.0, 1,0.1715,0.0005,0.0015,0.0010,0,0.0, 2,0.1174,0.0055,0.0063,0.0059,0,0.0, 3,0.2959,0.0014,0.0021,0.0017,0,0.0, 4,4.7302,4.7198,4.7473,4.7302,0,0.0, 5,4.7308,4.7185,4.7485,4.7308,0,0.0, 6,23.8962,0.2380,0.2399,0.2390,0,0.0, 7,-1.3726,-1.3764,-1.3688,-1.3726,0,0.0
1566595157,1000.000000,265,1000, 0,0.1109,0.0052,0.0060,0.0055,0,0.0, 1,0.1707,0.0005,0.0016,0.0010,0,0.0, 2,0.1173,0.0055,0.0064,0.0059,0,0.0, 3,0.2947,0.0014,0.0020,0.0017,0,0.0, 4,4.7299,4.7188,4.7485,4.7299,0,0.0, 5,4.7305,4.7191,4.7496,4.7305,0,0.0, 6,23.8597,0.2374,0.2398,0.2386,0,0.0, 7,-1.3925,-1.3964,-1.3886,-1.3925,0,0.0
1566595160,1000.000000,260,1000, 0,0.1106,0.0052,0.0060,0.0055,0,0.0, 1,0.1714,0.0005,0.0014,0.0010,0,0.0, 2,0.1173,0.0055,0.0063,0.0059,0,0.0, 3,0.2960,0.0013,0.0020,0.0017,0,0.0, 4,4.7300,4.7197,4.7453,4.7300,0,0.0, 5,4.7306,4.7203,4.7478,4.7306,0,0.0, 6,23.8454,0.2374,0.2395,0.2385,0,0.0, 7,-1.4148,-1.4182,-1.4112,-1.4148,0,0.0
1566595163,1000.000000,255,1000, 0,0.1108,0.0052,0.0060,0.0055,0,0.0, 1,0.1715,0.0005,0.0016,0.0010,0,0.0, 2,0.1174,0.0055,0.0063,0.0059,0,0.0, 3,0.2947,0.0013,0.0020,0.0017,0,0.0, 4,4.7296,4.7185,4.7476,4.7296,0,0.0, 5,4.7302,4.7185,4.7482,4.7302,0,0.0, 6,23.8559,0.2374,0.2396,0.2386,0,0.0, 7,-1.4339,-1.4368,-1.4312,-1.4339,0,0.0
1566595166,1000.000000,250,1000, 0,0.1108,0.0052,0.0060,0.0055,0,0.0, 1,0.1716,0.0005,0.0016,0.0010,0,0.0, 2,0.1174,0.0056,0.0064,0.0059,0,0.0, 3,0.2948,0.0013,0.0020,0.0017,0,0.0, 4,4.7303,4.7206,4.7465,4.7303,0,0.0, 5,4.7309,4.7206,4.7468,4.7309,0,0.0, 6,23.8320,0.2368,0.2395,0.2383,0,0.0, 7,-1.4528,-1.4562,-1.4493,-1.4528,0,0.0
1566595169,1000.000000,245,1000, 0,0.1106,0.0052,0.0060,0.0055,0,0.0, 1,0.1711,0.0006,0.0016,0.0010,0,0.0, 2,0.1175,0.0055,0.0064,0.0059,0,0.0, 3,0.2946,0.0014,0.0020,0.0017,0,0.0, 4,4.7305,4.7200,4.7597,4.7305,0,0.0, 5,4.7311,4.7200,4.7603,4.7311,0,0.0, 6,23.7997,0.2366,0.2391,0.2380,0,0.0, 7,-1.4732,-1.4765,-1.4701,-1.4732,0,0.0
1566595172,1000.000000,240,1000, 0,0.1107,0.0052,0.0060,0.0055,0,0.0, 1,0.1715,0.0005,0.0015,0.0010,0,0.0, 2,0.1174,0.0055,0.0063,0.0059,0,0.0, 3,0.2936,0.0013,0.0020,0.0017,0,0.0, 4,4.7296,4.7188,4.7459,4.7296,0,0.0, 5,4.7302,4.7191,4.7456,4.7302,0,0.0, 6,23.7791,0.2363,0.2391,0.2378,0,0.0, 7,-1.4902,-1.4934,-1.4869,-1.4902,0,0.0
1566595175,1000.000000,235,1000, 0,0.1105,0.0053,0.0060,0.0055,0,0.0, 1,0.1701,0.0005,0.0014,0.0010,0,0.0, 2,0.1174,0.0055,0.0063,0.0059,0,0.0, 3,0.2946,0.0013,0.0020,0.0017,0,0.0, 4,4.7302,4.7179,4.7450,4.7302,0,0.0, 5,4.7309,4.7180,4.7461,4.7309,0,0.0, 6,23.7624,0.2367,0.2387,0.2376,0,0.0, 7,-1.5096,-1.5128,-1.5065,-1.5096,0,0.0
1566595179,1000.000000,230,1000, 0,0.1107,0.0052,0.0060,0.0055,0,0.0, 1,0.1728,0.0005,0.0015,0.0010,0,0.0, 2,0.1173,0.0055,0.0063,0.0059,0,0.0, 3,0.2959,0.0013,0.0020,0.0017,0,0.0, 4,4.7300,4.7185,4.7462,4.7300,0,0.0, 5,4.7306,4.7189,4.7475,4.7306,0,0.0, 6,23.7594,0.2364,0.2390,0.2376,0,0.0, 7,-1.5261,-1.5287,-1.5239,-1.5261,0,0.0
1566595182,1000.000000,225,1000, 0,0.1108,0.0053,0.0060,0.0055,0,0.0, 1,0.1717,0.0005,0.0015,0.0010,0,0.0, 2,0.1173,0.0056,0.0063,0.0059,0,0.0, 3,0.2955,0.0013,0.0020,0.0017,0,0.0, 4,4.7295,4.7195,4.7458,4.7295,0,0.0, 5,4.7300,4.7191,4.7465,4.7300,0,0.0, 6,23.7570,0.2358,0.2390,0.2376,0,0.0, 7,-1.5424,-1.5453,-1.5394,-1.5424,0,0.0
1566595185,1000.000000,220,1000, 0,0.1107,0.0053,0.0060,0.0055,0,0.0, 1,0.1697,0.0005,0.0016,0.0010,0,0.0, 2,0.1174,0.0056,0.0063,0.0059,0,0.0, 3,0.2956,0.0013,0.0020,0.0017,0,0.0, 4,4.7296,4.7183,4.7430,4.7296,0,0.0, 5,4.7302,4.7195,4.7441,4.7302,0,0.0, 6,23.7524,0.2363,0.2391,0.2375,0,0.0, 7,-1.5602,-1.5632,-1.5574,-1.5602,0,0.0
1566595188,1000.000000,215,1000, 0,0.1108,0.0053,0.0060,0.0055,0,0.0, 1,0.1715,0.0006,0.0015,0.0010,0,0.0, 2,0.1173,0.0055,0.0064,0.0059,0,0.0, 3,0.2951,0.0013,0.0020,0.0017,0,0.0, 4,4.7301,4.7188,4.7465,4.7301,0,0.0, 5,4.7306,4.7197,4.7478,4.7306,0,0.0, 6,23.8325,0.2363,0.2404,0.2383,0,0.0, 7,-1.5752,-1.5781,-1.5723,-1.5752,0,0.0
1566595191,1000.000000,210,1000, 0,0.1108,0.0052,0.0060,0.0055,0,0.0, 1,0.1723,0.0005,0.0014,0.0010,0,0.0, 2,0.1174,0.0056,0.0063,0.0059,0,0.0, 3,0.2953,0.0013,0.0021,0.0017,0,0.0, 4,4.7296,4.7188,4.7456,4.7296,0,0.0, 5,4.7302,4.7191,4.7470,4.7302,0,0.0, 6,23.7231,0.2359,0.2387,0.2372,0,0.0, 7,-1.5899,-1.5926,-1.5873,-1.5899,0,0.0
1566595194,1000.000000,205,1000, 0,0.1106,0.0052,0.0060,0.0055,0,0.0, 1,0.1722,0.0005,0.0014,0.0010,0,0.0, 2,0.1176,0.0055,0.0064,0.0059,0,0.0, 3,0.2956,0.0013,0.0021,0.0017,0,0.0, 4,4.7295,4.7180,4.7443,4.7295,0,0.0, 5,4.7300,4.7185,4.7449,4.7300,0,0.0, 6,23.6947,0.2357,0.2380,0.2369,0,0.0, 7,-1.6057,-1.6082,-1.6031,-1.6057,0,0.0
1566595197,1000.000000,200,1000, 0,0.1108,0.0053,0.0060,0.0055,0,0.0, 1,0.1730,0.0005,0.0015,0.0010,0,0.0, 2,0.1175,0.0056,0.0063,0.0059,0,0.0, 3,0.2954,0.0013,0.0020,0.0017,0,0.0, 4,4.7297,4.7200,4.7453,4.7297,0,0.0, 5,4.7302,4.7197,4.7467,4.7302,0,0.0, 6,23.6820,0.2352,0.2380,0.2368,0,0.0, 7,-1.6186,-1.6208,-1.6161,-1.6186,0,0.0
1566595200,1000.000000,195,1000, 0,0.1108,0.0052,0.0060,0.0055,0,0.0, 1,0.1725,0.0005,0.0015,0.0010,0,0.0, 2,0.1175,0.0055,0.0064,0.0059,0,0.0, 3,0.2952,0.0013,0.0020,0.0017,0,0.0, 4,4.7299,4.7188,4.7458,4.7299,0,0.0, 5,4.7305,4.7186,4.7465,4.7305,0,0.0, 6,23.6827,0.2357,0.2379,0.2368,0,0.0, 7,-1.6320,-1.6344,-1.6297,-1.6320,0,0.0
1566595203,1000.000000,190,1000, 0,0.1109,0.0053,0.0060,0.0055,0,0.0, 1,0.1717,0.0006,0.0014,0.0010,0,0.0, 2,0.1176,0.0055,0.0063,0.0059,0,0.0, 3,0.2950,0.0013,0.0020,0.0017,0,0.0, 4,4.7296,4.7197,4.7441,4.7296,0,0.0, 5,4.7301,4.7198,4.7452,4.7301,0,0.0, 6,23.6593,0.2351,0.2379,0.2366,0,0.0, 7,-1.6467,-1.6491,-1.6443,-1.6467,0,0.0
1566595206,1000.000000,185,1000, 0,0.1107,0.0053,0.0060,0.0055,0,0.0, 1,0.1707,0.0005,0.0016,0.0010,0,0.0, 2,0.1176,0.0056,0.0063,0.0059,0,0.0, 3,0.2942,0.0013,0.0020,0.0017,0,0.0, 4,4.7299,4.7197,4.7459,4.7299,0,0.0, 5,4.7305,4.7205,4.7475,4.7305,0,0.0, 6,23.5979,0.2346,0.2371,0.2360,0,0.0, 7,-1.6593,-1.6616,-1.6572,-1.6593,0,0.0
1566595209,1000.000000,180,1000, 0,0.1109,0.0053,0.0060,0.0055,0,0.0, 1,0.1715,0.0006,0.0014,0.0010,0,0.0, 2,0.1175,0.0056,0.0063,0.0059,0,0.0, 3,0.2946,0.0013,0.0020,0.0017,0,0.0, 4,4.7299,4.7209,4.7478,4.7299,0,0.0, 5,4.7305,4.7197,4.7479,4.7305,0,0.0, 6,23.6200,0.2351,0.2374,0.2362,0,0.0, 7,-1.6701,-1.6724,-1.6677,-1.6701,0,0.0
1566595212,1000.000000,175,1000, 0,0.1108,0.0053,0.0060,0.0055,0,0.0, 1,0.1716,0.0005,0.0015,0.0010,0,0.0, 2,0.1174,0.0056,0.0063,0.0059,0,0.0, 3,0.2949,0.0013,0.0020,0.0017,0,0.0, 4,4.7297,4.7189,4.7472,4.7297,0,0.0, 5,4.7303,4.7194,4.7487,4.7303,0,0.0, 6,23.6157,0.2347,0.2371,0.2362,0,0.0, 7,-1.6819,-1.6839,-1.6797,-1.6819,0,0.0
1566595215,1000.000000,170,1000, 0,0.1108,0.0052,0.0061,0.0055,0,0.0, 1,0.1714,0.0005,0.0015,0.0010,0,0.0, 2,0.1176,0.0056,0.0064,0.0059,0,0.0, 3,0.2953,0.0013,0.0021,0.0017,0,0.0, 4,4.7299,4.7195,4.7461,4.7299,0,0.0, 5,4.7304,4.7195,4.7475,4.7304,0,0.0, 6,23.6437,0.2354,0.2378,0.2364,0,0.0, 7,-1.6945,-1.6967,-1.6926,-1.6945,0,0.0
1566595218,1000.000000,165,1000, 0,0.1109,0.0052,0.0060,0.0055,0,0.0, 1,0.1700,0.0005,0.0014,0.0010,0,0.0, 2,0.1177,0.0055,0.0064,0.0059,0,0.0, 3,0.2951,0.0013,0.0021,0.0017,0,0.0, 4,4.7294,4.7186,4.7459,4.7294,0,0.0, 5,4.7299,4.7191,4.7465,4.7299,0,0.0, 6,23.5977,0.2347,0.2371,0.2360,0,0.0, 7,-1.7049,-1.7067,-1.7029,-1.7049,0,0.0
1566595221,1000.000000,160,1000, 0,0.1110,0.0052,0.0060,0.0056,0,0.0, 1,0.1715,0.0006,0.0015,0.0010,0,0.0, 2,0.1176,0.0056,0.0063,0.0059,0,0.0, 3,0.2942,0.0013,0.0020,0.0017,0,0.0, 4,4.7294,4.7186,4.7465,4.7294,0,0.0, 5,4.7300,4.7186,4.7467,4.7300,0,0.0, 6,23.5949,0.2348,0.2371,0.2359,0,0.0, 7,-1.7135,-1.7153,-1.7118,-1.7135,0,0.0
1566595224,1000.000000,155,1000, 0,0.1110,0.0052,0.0060,0.0055,0,0.0, 1,0.1715,0.0005,0.0015,0.0010,0,0.0, 2,0.1175,0.0055,0.0063,0.0059,0,0.0, 3,0.2949,0.0013,0.0020,0.0017,0,0.0, 4,4.7307,4.7200,4.7470,4.7307,0,0.0, 5,4.7313,4.7198,4.7479,4.7313,0,0.0, 6,23.5889,0.2350,0.2368,0.2359,0,0.0, 7,-1.7232,-1.7251,-1.7212,-1.7232,0,0.0
1566595227,1000.000000,150,1000, 0,0.1109,0.0053,0.0060,0.0055,0,0.0, 1,0.1710,0.0006,0.0014,0.0010,0,0.0, 2,0.1175,0.0056,0.0064,0.0059,0,0.0, 3,0.2940,0.0014,0.0020,0.0017,0,0.0, 4,4.7298,4.7192,4.7436,4.7298,0,0.0, 5,4.7304,4.7195,4.7450,4.7304,0,0.0, 6,23.6172,0.2349,0.2374,0.2362,0,0.0, 7,-1.7328,-1.7354,-1.7307,-1.7328,0,0.0
1566595230,1000.000000,145,1000, 0,0.1108,0.0052,0.0060,0.0055,0,0.0, 1,0.1714,0.0005,0.0014,0.0010,0,0.0, 2,0.1176,0.0055,0.0063,0.0059,0,0.0, 3,0.2950,0.0013,0.0020,0.0017,0,0.0, 4,4.7298,4.7198,4.7456,4.7298,0,0.0, 5,4.7303,4.7189,4.7465,4.7303,0,0.0, 6,23.5727,0.2344,0.2373,0.2357,0,0.0, 7,-1.7420,-1.7435,-1.7403,-1.7420,0,0.0
1566595233,1000.000000,140,1000, 0,0.1107,0.0053,0.0060,0.0055,0,0.0, 1,0.1693,0.0005,0.0015,0.0010,0,0.0, 2,0.1176,0.0055,0.0063,0.0059,0,0.0, 3,0.2946,0.0013,0.0020,0.0017,0,0.0, 4,4.7299,4.7188,4.7459,4.7299,0,0.0, 5,4.7305,4.7195,4.7468,4.7305,0,0.0, 6,23.5903,0.2344,0.2374,0.2359,0,0.0, 7,-1.7498,-1.7513,-1.7483,-1.7498,0,0.0
1566595236,1000.000000,135,1000, 0,0.1110,0.0052,0.0060,0.0056,0,0.0, 1,0.1716,0.0006,0.0015,0.0010,0,0.0, 2,0.1176,0.0055,0.0063,0.0059,0,0.0, 3,0.2951,0.0013,0.0020,0.0017,0,0.0, 4,4.7296,4.7188,4.7452,4.7296,0,0.0, 5,4.7302,4.7189,4.7461,4.7302,0,0.0, 6,23.5881,0.2347,0.2369,0.2359,0,0.0, 7,-1.7562,-1.7577,-1.7544,-1.7562,0,0.0
1566595239,1000.000000,130,1000, 0,0.1110,0.0052,0.0060,0.0056,0,0.0, 1,0.1705,0.0006,0.0015,0.0010,0,0.0, 2,0.1178,0.0056,0.0064,0.0059,0,0.0, 3,0.2939,0.0013,0.0020,0.0017,0,0.0, 4,4.7296,4.7169,4.7461,4.7296,0,0.0, 5,4.7301,4.7174,4.7479,4.7301,0,0.0, 6,23.5757,0.2347,0.2370,0.2358,0,0.0, 7,-1.7631,-1.7646,-1.7617,-1.7631,0,0.0
1566595243,1000.000000,125,1000, 0,0.1109,0.0052,0.0060,0.0055,0,0.0, 1,0.1715,0.0006,0.0014,0.0010,0,0.0, 2,0.1176,0.0055,0.0063,0.0059,0,0.0, 3,0.2939,0.0013,0.0020,0.0017,0,0.0, 4,4.7297,4.7198,4.7450,4.7297,0,0.0, 5,4.7303,4.7197,4.7456,4.7303,0,0.0, 6,23.5547,0.2341,0.2368,0.2355,0,0.0, 7,-1.7701,-1.7714,-1.7685,-1.7701,0,0.0
1566595246,1000.000000,120,1000, 0,0.1111,0.0053,0.0060,0.0056,0,0.0, 1,0.1724,0.0005,0.0015,0.0010,0,0.0, 2,0.1174,0.0055,0.0063,0.0059,0,0.0, 3,0.2943,0.0013,0.0020,0.0017,0,0.0, 4,4.7295,4.7197,4.7450,4.7295,0,0.0, 5,4.7300,4.7203,4.7459,4.7300,0,0.0, 6,23.5624,0.2346,0.2365,0.2356,0,0.0, 7,-1.7768,-1.7786,-1.7754,-1.7768,0,0.0
1566595249,1000.000000,115,1000, 0,0.1109,0.0053,0.0061,0.0055,0,0.0, 1,0.1714,0.0006,0.0015,0.0010,0,0.0, 2,0.1178,0.0056,0.0064,0.0059,0,0.0, 3,0.2953,0.0013,0.0020,0.0017,0,0.0, 4,4.7297,4.7192,4.7446,4.7297,0,0.0, 5,4.7304,4.7191,4.7455,4.7304,0,0.0, 6,23.5342,0.2340,0.2366,0.2353,0,0.0, 7,-1.7847,-1.7859,-1.7835,-1.7847,0,0.0
1566595252,1000.000000,110,1000, 0,0.1110,0.0052,0.0060,0.0055,0,0.0, 1,0.1709,0.0005,0.0016,0.0010,0,0.0, 2,0.1176,0.0055,0.0064,0.0059,0,0.0, 3,0.2946,0.0013,0.0020,0.0017,0,0.0, 4,4.7297,4.7217,4.7458,4.7297,0,0.0, 5,4.7303,4.7211,4.7461,4.7303,0,0.0, 6,23.5389,0.2342,0.2364,0.2354,0,0.0, 7,-1.7907,-1.7919,-1.7893,-1.7907,0,0.0
1566595255,1000.000000,105,1000, 0,0.1109,0.0053,0.0060,0.0055,0,0.0, 1,0.1704,0.0006,0.0014,0.0010,0,0.0, 2,0.1177,0.0056,0.0063,0.0059,0,0.0, 3,0.2945,0.0013,0.0020,0.0017,0,0.0, 4,4.7297,4.7183,4.7417,4.7297,0,0.0, 5,4.7303,4.7177,4.7424,4.7303,0,0.0, 6,23.5416,0.2343,0.2367,0.2354,0,0.0, 7,-1.7966,-1.7978,-1.7954,-1.7966,0,0.0
1566595258,1000.000000,100,1000, 0,0.1109,0.0052,0.0060,0.0055,0,0.0, 1,0.1722,0.0005,0.0014,0.0010,0,0.0, 2,0.1176,0.0055,0.0064,0.0059,0,0.0, 3,0.2945,0.0013,0.0020,0.0017,0,0.0, 4,4.7293,4.7179,4.7443,4.7293,0,0.0, 5,4.7298,4.7177,4.7452,4.7298,0,0.0, 6,23.5152,0.2335,0.2364,0.2352,0,0.0, 7,-1.8017,-1.8035,-1.7997,-1.8017,0,0.0
1566595261,1000.000000,95,1000, 0,0.1111,0.0052,0.0060,0.0056,0,0.0, 1,0.1716,0.0005,0.0015,0.0010,0,0.0, 2,0.1177,0.0056,0.0064,0.0059,0,0.0, 3,0.2943,0.0013,0.0020,0.0017,0,0.0, 4,4.7297,4.7185,4.7423,4.7297,0,0.0, 5,4.7302,4.7186,4.7432,4.7302,0,0.0, 6,23.5231,0.2339,0.2366,0.2352,0,0.0, 7,-1.8066,-1.8082,-1.8055,-1.8066,0,0.0
1566595264,1000.000000,90,1000, 0,0.1112,0.0053,0.0060,0.0056,0,0.0, 1,0.1708,0.0005,0.0014,0.0010,0,0.0, 2,0.1177,0.0056,0.0064,0.0059,0,0.0, 3,0.2952,0.0014,0.0020,0.0017,0,0.0, 4,4.7297,4.7194,4.7415,4.7297,0,0.0, 5,4.7302,4.7189,4.7424,4.7302,0,0.0, 6,23.5171,0.2336,0.2363,0.2352,0,0.0, 7,-1.8122,-1.8142,-1.8110,-1.8122,0,0.0
1566595267,1000.000000,85,1000, 0,0.1112,0.0052,0.0060,0.0056,0,0.0, 1,0.1715,0.0005,0.0015,0.0010,0,0.0, 2,0.1177,0.0056,0.0063,0.0059,0,0.0, 3,0.2947,0.0013,0.0020,0.0017,0,0.0, 4,4.7297,4.7186,4.7446,4.7297,0,0.0, 5,4.7302,4.7171,4.7456,4.7302,0,0.0, 6,23.5171,0.2342,0.2362,0.2352,0,0.0, 7,-1.8176,-1.8194,-1.8163,-1.8176,0,0.0
1566595270,1000.000000,80,1000, 0,0.1111,0.0052,0.0060,0.0056,0,0.0, 1,0.1724,0.0006,0.0015,0.0010,0,0.0, 2,0.1175,0.0056,0.0063,0.0059,0,0.0, 3,0.2950,0.0013,0.0020,0.0017,0,0.0, 4,4.7295,4.7197,4.7426,4.7295,0,0.0, 5,4.7300,4.7197,4.7436,4.7300,0,0.0, 6,23.5463,0.2341,0.2363,0.2355,0,0.0, 7,-1.8227,-1.8247,-1.8216,-1.8227,0,0.0
1566595273,1000.000000,75,1000, 0,0.1110,0.0053,0.0060,0.0055,0,0.0, 1,0.1715,0.0006,0.0015,0.0010,0,0.0, 2,0.1176,0.0056,0.0063,0.0059,0,0.0, 3,0.2960,0.0013,0.0020,0.0017,0,0.0, 4,4.7296,4.7186,4.7449,4.7296,0,0.0, 5,4.7302,4.7186,4.7452,4.7302,0,0.0, 6,23.5228,0.2343,0.2362,0.2352,0,0.0, 7,-1.8291,-1.8302,-1.8281,-1.8291,0,0.0
1566595276,1000.000000,70,1000, 0,0.1110,0.0053,0.0060,0.0055,0,0.0, 1,0.1718,0.0005,0.0015,0.0010,0,0.0, 2,0.1176,0.0056,0.0064,0.0059,0,0.0, 3,0.2956,0.0013,0.0020,0.0017,0,0.0, 4,4.7295,4.7177,4.7562,4.7295,0,0.0, 5,4.7300,4.7183,4.7571,4.7300,0,0.0, 6,23.5327,0.2343,0.2366,0.2353,0,0.0, 7,-1.8337,-1.8348,-1.8328,-1.8337,0,0.0
1566595279,1000.000000,65,1000, 0,0.1111,0.0053,0.0060,0.0056,0,0.0, 1,0.1699,0.0005,0.0014,0.0010,0,0.0, 2,0.1178,0.0056,0.0064,0.0059,0,0.0, 3,0.2945,0.0013,0.0020,0.0017,0,0.0, 4,4.7297,4.7195,4.7458,4.7297,0,0.0, 5,4.7303,4.7197,4.7468,4.7303,0,0.0, 6,23.5035,0.2338,0.2365,0.2350,0,0.0, 7,-1.8382,-1.8392,-1.8371,-1.8382,0,0.0
1566595282,1000.000000,60,1000, 0,0.1112,0.0053,0.0061,0.0056,0,0.0, 1,0.1714,0.0005,0.0015,0.0010,0,0.0, 2,0.1179,0.0055,0.0063,0.0059,0,0.0, 3,0.2959,0.0013,0.0020,0.0017,0,0.0, 4,4.7294,4.7176,4.7436,4.7294,0,0.0, 5,4.7299,4.7174,4.7438,4.7299,0,0.0, 6,23.5042,0.2340,0.2363,0.2350,0,0.0, 7,-1.8427,-1.8436,-1.8418,-1.8427,0,0.0
1566595285,1000.000000,55,1000, 0,0.1110,0.0052,0.0060,0.0056,0,0.0, 1,0.1715,0.0006,0.0015,0.0010,0,0.0, 2,0.1179,0.0055,0.0063,0.0059,0,0.0, 3,0.2954,0.0013,0.0020,0.0017,0,0.0, 4,4.7292,4.7192,4.7461,4.7292,0,0.0, 5,4.7297,4.7197,4.7470,4.7297,0,0.0, 6,23.5225,0.2342,0.2363,0.2352,0,0.0, 7,-1.8470,-1.8480,-1.8459,-1.8470,0,0.0
1566595288,1000.000000,50,1000, 0,0.1112,0.0053,0.0060,0.0056,0,0.0, 1,0.1718,0.0005,0.0015,0.0010,0,0.0, 2,0.1176,0.0055,0.0063,0.0059,0,0.0, 3,0.2953,0.0014,0.0020,0.0017,0,0.0, 4,4.7295,4.7188,4.7447,4.7295,0,0.0, 5,4.7300,4.7195,4.7461,4.7300,0,0.0, 6,23.5066,0.2338,0.2363,0.2351,0,0.0, 7,-1.8498,-1.8516,-1.8487,-1.8498,0,0.0
